user_input,retrieved_contexts,response,reference,faithfulness,answer_relevancy,context_precision,context_recall
What is a burn?,"['## WHAT IS BURNS?\n- A burn is an injury to tissue or skin that can be caused by several sources\n- Heat\n- Sunlight\n- Chemicals\n- Electricity\n- Radiation\n- There are six degrees (types) of burns, with 1st thru 3rd being most common household or workplace related\n- First-degree: damages the outer layer of skin only (epidermis)\n- Second-degree: damages both the outer layer and the layer underneath (dermis)\n- Third-degree: damages the deepest layers of skin and underlying tissues, often destroying these tissues\n- Fourth-degree: extends into fat layer\n- Fifth-degree: extends into muscle layers\n- Sixth-degree: extends into bone\n- The severity of a burn depends on how large of an area it covers and how deep the damage goes', '## BANDAGE\nThe bandage is any material  that is used to hold a dressing or  compress in place, to prevemt infection of a wound, to  apply pressure to control bleeding or to support broken  bones when used as a sling. These includes gauze,  triangular, Elastic, and tubular bandage. The most papular bandage  in first aid is the triangular bandage. A triangular bandage  may be used as open or folded. Once folded it is called  cravat.', ""## 3.1 Introduction to first aid and CPR\nDuring medical emergency and accidents , first aid is the first and immediate help given to a sick or injured person, which may  include cardiopulmonary resuscitation (CPR) while waiting for an ambulance/ medical help.  First aid can be performed by someone with basic medical training or, even untrained person.  \nEveryone should learn CPR properly, and also how to use an automated external defibrillator (AED). AED is a machine that is used for electric shock in case of cardiac arrest (stoppage of heart). The AED is usually available at public places/ commercial set-ups like malls, cinema halls and airports etc.  \nThe primary aim of first aid is to minimize pain, prevent death or serious injury from worsening. The key objectives of first aid are as follows:  \n1. The primary objective of first aid is to minimize the pain and  save lives. First aid done correctly should help reduce the patient's pain and stabilise the patient.""]","A burn is an injury to tissue or skin that can be caused by several sources, including heat, sunlight, chemicals, electricity, and radiation. There are six degrees (types) of burns, with 1st through 3rd being the most common household or workplace related. 

- First-degree: damages the outer layer of skin only (epidermis).
- Second-degree: damages both the outer layer and the layer underneath (dermis).
- Third-degree: damages the deepest layers of skin and underlying tissues, often destroying these tissues.
- Fourth-degree: extends into the fat layer.
- Fifth-degree: extends into muscle layers.
- Sixth-degree: extends into bone.

The severity of a burn depends on how large of an area it covers and how deep the damage goes.","A burn is an injury to tissue or skin that can be caused by heat, sunlight, chemicals, electricity, or radiation.",1.0,0.5452245779384229,0.9999999999,1.0
What are the six degrees of burns?,"['## WHAT IS BURNS?\n- A burn is an injury to tissue or skin that can be caused by several sources\n- Heat\n- Sunlight\n- Chemicals\n- Electricity\n- Radiation\n- There are six degrees (types) of burns, with 1st thru 3rd being most common household or workplace related\n- First-degree: damages the outer layer of skin only (epidermis)\n- Second-degree: damages both the outer layer and the layer underneath (dermis)\n- Third-degree: damages the deepest layers of skin and underlying tissues, often destroying these tissues\n- Fourth-degree: extends into fat layer\n- Fifth-degree: extends into muscle layers\n- Sixth-degree: extends into bone\n- The severity of a burn depends on how large of an area it covers and how deep the damage goes', ""## Breathing\nUse the same compression-breath rate that is used for adults: 30 compressions followed by two breaths. This is one cycle.  \n1. With the airway open, pinch the nostrils shut for mouth-to-mouth breathing and cover the child's mouth with yours, making a seal.\n2. Prepare to give two rescue breaths. Give the first rescue breath - lasting one second - and watch to see if the chest rises. If it does rise, give the second breath.\n3. After the two breaths, immediately begin the next cycle of compressions and breaths. If there are two people performing CPR, conduct 15 compressions followed by two breaths.\n4. As soon as an AED is available, use it while following the instructions.\n5. Continue CPR until the child moves or emergency medical help arrives.\n4. If you haven't been trained in CPR, continue chest compressions until there are signs of movement or until emergency medical help arrives. If you have been trained in CPR, go on to next step, opening the airway and rescue breathing."", '## BANDAGE\nThe bandage is any material  that is used to hold a dressing or  compress in place, to prevemt infection of a wound, to  apply pressure to control bleeding or to support broken  bones when used as a sling. These includes gauze,  triangular, Elastic, and tubular bandage. The most papular bandage  in first aid is the triangular bandage. A triangular bandage  may be used as open or folded. Once folded it is called  cravat.']","The six degrees (types) of burns are:

1. First-degree: damages the outer layer of skin only (epidermis).
2. Second-degree: damages both the outer layer and the layer underneath (dermis).
3. Third-degree: damages the deepest layers of skin and underlying tissues, often destroying these tissues.
4. Fourth-degree: extends into the fat layer.
5. Fifth-degree: extends into muscle layers.
6. Sixth-degree: extends into bone.",First-degree: damages epidermis only. Second-degree: damages epidermis and dermis. Third-degree: damages deepest skin layers and underlying tissues. Fourth-degree: extends into fat layer. Fifth-degree: extends into muscle layers. Sixth-degree: extends into bone.,1.0,0.9667705287932393,0.9999999999,1.0
What are the signs and symptoms of a first-degree burn?,"['## WHAT ARE COMMON SIGNS AND SYMPTOMS?\n- First-degree\n- Redness, tenderness, pain\n- Generally no blistering\n- Minor skin damage\n- Second-degree\n- Damage extends beyond the top layer of skin\n- Blisters\n- Extremely red and painful\n- Third-degree\n- Destroy both dermis and epidermis\n- Can extend into tissue underneath\n- Can appear white or charred', ""## Compressions\n1. Put the person on his/her back on a firm surface.\n2. Kneel next to the person's neck and shoulders.\n3. Place the heel of one hand over the centre of the person's chest, between the nipples. Place your other hand on top of the first hand. Keep your elbows straight and position your shoulders directly above your hands.\n4. Use your upper body weight as you push straight down on the chest at least 2 inches (approximately 5 cm). Push hard at a rate of 100 compressions a minute.\n5. If you haven't been trained in CPR, continue chest compressions until there are signs of movement or until emergency medical help arrives. If you have been trained in CPR, go on to next step, opening the airway and rescue breathing.  \nCPR method, compression (Source: Wikipedia)""]","The signs and symptoms of a first-degree burn include redness, tenderness, pain, and generally no blistering, with minor skin damage.","Redness, tenderness, pain, generally no blistering, and minor skin damage.",1.0,0.9999995439446425,0.9999999999,1.0
What are the signs and symptoms of a second-degree burn?,"['## WHEN SHOULD I SEEK MEDICAL HELP?\n- Seek medical attention if the burn covers a large area of the body\n- If there are signs of a deep second-degree or third-degree burn\n- If the blisters appear to be filled with greenish or brown fluid\n- The person burned is an infant or elderly\n- If the burn was caused by electricity\n- Fever\n- Signs of an infection: puss or foul smelling\n- Excessive swelling\n- If a minor burn does not heal in 10 days to 2 weeks', ""## Compressions\n1. Put the person on his/her back on a firm surface.\n2. Kneel next to the person's neck and shoulders.\n3. Place the heel of one hand over the centre of the person's chest, between the nipples. Place your other hand on top of the first hand. Keep your elbows straight and position your shoulders directly above your hands.\n4. Use your upper body weight as you push straight down on the chest at least 2 inches (approximately 5 cm). Push hard at a rate of 100 compressions a minute.\n5. If you haven't been trained in CPR, continue chest compressions until there are signs of movement or until emergency medical help arrives. If you have been trained in CPR, go on to next step, opening the airway and rescue breathing.  \nCPR method, compression (Source: Wikipedia)""]","The signs and symptoms of a second-degree burn include damage that extends beyond the top layer of skin, blisters, and being extremely red and painful.","Damage extends beyond the top layer of skin, blisters, extremely red and painful.",0.0,1.0,0.0,0.0
What are the signs and symptoms of a third-degree burn?,"['## WHEN SHOULD I SEEK MEDICAL HELP?\n- Seek medical attention if the burn covers a large area of the body\n- If there are signs of a deep second-degree or third-degree burn\n- If the blisters appear to be filled with greenish or brown fluid\n- The person burned is an infant or elderly\n- If the burn was caused by electricity\n- Fever\n- Signs of an infection: puss or foul smelling\n- Excessive swelling\n- If a minor burn does not heal in 10 days to 2 weeks', ""## Compressions\n1. Put the person on his/her back on a firm surface.\n2. Kneel next to the person's neck and shoulders.\n3. Place the heel of one hand over the centre of the person's chest, between the nipples. Place your other hand on top of the first hand. Keep your elbows straight and position your shoulders directly above your hands.\n4. Use your upper body weight as you push straight down on the chest at least 2 inches (approximately 5 cm). Push hard at a rate of 100 compressions a minute.\n5. If you haven't been trained in CPR, continue chest compressions until there are signs of movement or until emergency medical help arrives. If you have been trained in CPR, go on to next step, opening the airway and rescue breathing.  \nCPR method, compression (Source: Wikipedia)""]","A third-degree burn can appear white or charred and destroys both the dermis and epidermis, potentially extending into tissue underneath.","Destroys both dermis and epidermis, can extend into tissue underneath, can appear white or charred.",0.0,0.852573078222148,0.0,0.0
What is the most common cause of burns?,"['## WHAT CAUSES BURNS?\n- Being scalded by hot liquids, steam, or hot surfaces is the most common\n- Building fires\n- Flammable liquids and gases\n- Chemicals (wet or dry)\n- Electricity\n- Radiation', '## 3.1 Introduction to first aid and CPR\nCPR can keep oxygenated blood flowing to the brain and other vital organs until more definitive medical treatment restores a normal heart activity.  \nWhen the heart stops, the lack of oxygenated blood can cause brain damage in only a few minutes. A person may die within 5 to 10 minutes.', '## BANDAGE\nThe bandage is any material  that is used to hold a dressing or  compress in place, to prevemt infection of a wound, to  apply pressure to control bleeding or to support broken  bones when used as a sling. These includes gauze,  triangular, Elastic, and tubular bandage. The most papular bandage  in first aid is the triangular bandage. A triangular bandage  may be used as open or folded. Once folded it is called  cravat.']","Being scalded by hot liquids, steam, or hot surfaces is the most common cause of burns.","Being scalded by hot liquids, steam, or hot surfaces is the most common cause of burns.",1.0,0.999999597287002,0.9999999999,1.0
What increases the risk of getting burns?,"['## WHAT INCREASES MY RISK?\n- Not having smoke/fire detectors\n- Unsafe cooking/kitchen practices\n- Working in a profession that has a high risk of burn potential or chemical exposure', ""## 3.1 Introduction to first aid and CPR\n1. The primary objective of first aid is to minimize the pain and  save lives. First aid done correctly should help reduce the patient's pain and stabilise the patient.\n2. First aid also includes addressing  the external factors, such as moving a patient away from any cause of harm or site of accident, away from fire as smoke may cause further choking, and applying first aid techniques to prevent worsening of the condition.\n3. It would also include to accelerate the recovery from the illness or injury, and in some cases might involve completing a treatment, such as applying adhesive bandage to a small wound or supporting a broken arm or leg.  \nIt is important to note that first aid cannot be compared with the care what a trained medical professional provides. First aid involves making common sense decisions in the best interest of an injured person in an emergency situation.  \nFollowing (ABCD) points may be noted in the patient during such emergency :"", '## BANDAGE\nThe bandage is any material  that is used to hold a dressing or  compress in place, to prevemt infection of a wound, to  apply pressure to control bleeding or to support broken  bones when used as a sling. These includes gauze,  triangular, Elastic, and tubular bandage. The most papular bandage  in first aid is the triangular bandage. A triangular bandage  may be used as open or folded. Once folded it is called  cravat.']","Not having smoke/fire detectors, unsafe cooking/kitchen practices, and working in a profession that has a high risk of burn potential or chemical exposure increase the risk of getting burns.","Not having smoke/fire detectors, unsafe cooking/kitchen practices, and working in a profession with high burn potential or chemical exposure.",1.0,1.0,0.9999999999,1.0
What are possible complications of burns?,"['## WHAT IS BURNS?\n- A burn is an injury to tissue or skin that can be caused by several sources\n- Heat\n- Sunlight\n- Chemicals\n- Electricity\n- Radiation\n- There are six degrees (types) of burns, with 1st thru 3rd being most common household or workplace related\n- First-degree: damages the outer layer of skin only (epidermis)\n- Second-degree: damages both the outer layer and the layer underneath (dermis)\n- Third-degree: damages the deepest layers of skin and underlying tissues, often destroying these tissues\n- Fourth-degree: extends into fat layer\n- Fifth-degree: extends into muscle layers\n- Sixth-degree: extends into bone\n- The severity of a burn depends on how large of an area it covers and how deep the damage goes', ""## 3.1 Introduction to first aid and CPR\n1. The primary objective of first aid is to minimize the pain and  save lives. First aid done correctly should help reduce the patient's pain and stabilise the patient.\n2. First aid also includes addressing  the external factors, such as moving a patient away from any cause of harm or site of accident, away from fire as smoke may cause further choking, and applying first aid techniques to prevent worsening of the condition.\n3. It would also include to accelerate the recovery from the illness or injury, and in some cases might involve completing a treatment, such as applying adhesive bandage to a small wound or supporting a broken arm or leg.  \nIt is important to note that first aid cannot be compared with the care what a trained medical professional provides. First aid involves making common sense decisions in the best interest of an injured person in an emergency situation.  \nFollowing (ABCD) points may be noted in the patient during such emergency :""]",Information not available in the provided documents.,"Scarring, septic shock, and death.",1.0,0.0,0.0,0.0
How can you reduce the risk of burns in the kitchen?,"['## HOW DO I REDUCE MY RISK?\n- Install smoke detectors and ensure strict maintenance (change batteries) and testing to make sure they are working\n- General fire safety knowledge and family training\n- Fire escape plans and practice drills\n- Have your fireplace professionally cleaned and inspected yearly\n- Fire extinguisher on every floor and training on how to operate\n- Careful use of space heaters\n- Keep pot and pan handles turned toward the back of the stove while cooking\n- If you have small children\n- Teach children to avoid hot surfaces (stove, campfires, fireworks)\n- Outlet covers\n- Safety locks on cleaning supply storage\n- Do not carry hot items while carrying your child\n- Test bath water before placing your child in the tub\n- Check the temperature of heated beverages before giving them to your child\n- Keep matches and lighters away from your children\n- Test car seats and belt buckles when getting into a hot car\n- If working in a profession with a high risk of burn potential, follow all safety regulations', '## Method\n- Wash hands and wear gloves if possible\n- In case of contaminated wounds, cleanwith  antiseptic solution\n- If antiseptic solution is unavailable, washthe  wound with soap andwater\n- Dry the sides of the wound\n- Open the dressing by removing the  wrappings\n- Place the dressing directly over the wound\n- Bandage firmly using triangular bandage and  secure it by tying the two ends together by  reef knot.\n- Gauze taken in layers may be used instead of  dressing\n- A piece of cloth cut in the shape of bandage  may be used instead of bandage\n- Wash hands with soap and water after  dressing  \n·  \n·  \n·  \n·', ""## Compressions\n1. Put the person on his/her back on a firm surface.\n2. Kneel next to the person's neck and shoulders.\n3. Place the heel of one hand over the centre of the person's chest, between the nipples. Place your other hand on top of the first hand. Keep your elbows straight and position your shoulders directly above your hands.\n4. Use your upper body weight as you push straight down on the chest at least 2 inches (approximately 5 cm). Push hard at a rate of 100 compressions a minute.\n5. If you haven't been trained in CPR, continue chest compressions until there are signs of movement or until emergency medical help arrives. If you have been trained in CPR, go on to next step, opening the airway and rescue breathing.  \nCPR method, compression (Source: Wikipedia)""]","- Install smoke detectors and ensure strict maintenance (change batteries) and testing to make sure they are working.
- General fire safety knowledge and family training.
- Fire escape plans and practice drills.
- Careful use of space heaters.
- Keep pot and pan handles turned toward the back of the stove while cooking.
- Teach children to avoid hot surfaces (stove, campfires, fireworks).","Keep pot and pan handles turned toward the back of the stove. Install smoke detectors, have fire extinguishers, and practice general fire safety.",0.15384615384615385,0.5436631155128351,0.9999999999,1.0
What self-care measures should be taken for minor burns?,"['## WHAT GENERAL MEASURES SHOULD I TAKE?\n- Your healthcare provider will perform an exam, collect information regarding your signs and symptoms, and history of how burn happened\n- Self-care\n- For minor burns\n- Place area in cool water for 10-15 minutes\n- Dry gently with a clean cloth\n- Cover with a sterile gauze or non-adhesive bandage\n- Do not break blisters\n- Over-the-counter pain medications can help with pain and swelling\n- For more severe burns\n- Follow your health care providers instructions\n- Activity\n- Activity recommendations and restrictions would be dependant on degree, location, and severity of burn\n- Diet\n- Remain adequately hydrated while healing\n- Dietary restrictions generally are not required unless burns affect your ability to eat, chew, or swallow\n- Helpful Link(s)\n- To learn more: National Library of Medicine; MedlinePlus\n- Website: https://medlineplus.gov/burns.html', '## 3.1 Introduction to first aid and CPR\nFollowing (ABCD) points may be noted in the patient during such emergency :  \n1. Airways : Airways are clear ?  \n2. Beathing : Respiration is adequately maintained ?  \n3. Circulation : any possibility of internal bleeding ?  \n4. Disability : difficulty in body functions or, activity limitations ?  \nIn such scenario, the following points should be kept in mind and appropriate actions taken accordingly for the benefit of the patient :  \n1. Is the environment safe for the person?\n2. Is the person conscious or unconscious?\n3. If the person appears unconscious, tap &amp; talk, shake his/her shoulder and ask loudly (shout) , ""Are you okay?""\n4. Call your local emergency helpline number.\n5. Look &amp; listen : See the movements of chest, and try to listen breathing sound\n6. Try to feel pulse at neck (carotid artery, one side, not more than 10 seconds)\n7. Begin CPR.\n8. If an AED is available, deliver one shock as instructed, then begin CPR.']","For minor burns, the following self-care measures should be taken:

- Place the area in cool water for 10-15 minutes.
- Dry gently with a clean cloth.
- Cover with a sterile gauze or non-adhesive bandage.
- Do not break blisters.
- Over-the-counter pain medications can help with pain and swelling.","Place area in cool water for 10-15 minutes, dry gently with a clean cloth, cover with sterile gauze or non-adhesive bandage, do not break blisters, and use over-the-counter pain medications if needed.",1.0,1.0,0.9999999999,1.0
What should you not do when treating a minor burn?,"['## WHAT ARE MY TREATMENT OPTIONS?\n- Minor burns can usually be treated at home with self-care\n- Remove person or body part from source of heat/ burn agent\n- Run cool water over the area or hold a cold compress on the area until the pain is relieved\n- Do not use butter, vaseline, ice, or other home remedies\n- Remove any tight clothing or jewelry from the area burned\n- You can apply antibiotic cream\n- Cover with a sterile gauze or non-adhesive bandage\n- Try to keep the burned area elevated to help reduce swelling\n- Serious burns/ third-degree burns\n- Seek immediate medical attention\n- You may require hospitalization or transfer to a burn unit\n- Burned tissue may be removed and covered with skin graft\n- Chemical burns\n- Dry chemicals should be brushed off the skin by a person wearing gloves\n- Remove clothing and jewelry and rinse chemicals off the skin in a shower for 15 to 20 minutes\n- Be careful to protect your eyes', ""## Compressions\n1. Put the person on his/her back on a firm surface.\n2. Kneel next to the person's neck and shoulders.\n3. Place the heel of one hand over the centre of the person's chest, between the nipples. Place your other hand on top of the first hand. Keep your elbows straight and position your shoulders directly above your hands.\n4. Use your upper body weight as you push straight down on the chest at least 2 inches (approximately 5 cm). Push hard at a rate of 100 compressions a minute.\n5. If you haven't been trained in CPR, continue chest compressions until there are signs of movement or until emergency medical help arrives. If you have been trained in CPR, go on to next step, opening the airway and rescue breathing.  \nCPR method, compression (Source: Wikipedia)"", '## GUIDELINES IN USING DRESSING ANDBANDAGES\nUse a dressing that is large enough to extend atleast 1 inch beyond the  edges of the wound. If body tissue or organs are exposed, cover the wound with a dressing  that will not stick, such as plastic wrap or moistened gauze. then secure  the dressing with a bandage or adhesive tapes. If the bandage is over a joint, splint and make a bulky dressing so the  joint remains immobilized. if there is no movement of a wound over joint,  there should be improved healing and reduced scarring. A bandage should fit snugly but should not cut off circulation or cause the  victim discomfort. If the area beyond the wound changes in color, begins  to tingle or feel cold, or if the wound starts to swell, the bandages is too  tight and should be loosened.']","Do not use butter, vaseline, ice, or other home remedies. Do not break blisters.","Do not use butter, vaseline, ice, or other home remedies. Do not break blisters.",0.8,0.739395214765402,0.9999999999,0.5
How are chemical burns treated?,"[""## WHAT ARE MY TREATMENT OPTIONS?\n- Remove clothing and jewelry and rinse chemicals off the skin in a shower for 15 to 20 minutes\n- Be careful to protect your eyes\n- Wet chemicals should be flushed off affected areas with cool running water for 20 minutes or longer or until emergency help arrives\n- If you or someone else has swallowed a chemical substance or an object that could be harmful (e.g., watch battery) call poison control first (1-800-222-1222) and then 911\n- It is helpful to know what chemical product has been swallowed\n- Take it with you to the hospital if unsure\n- Minor electrical burns can be treated with cool (not cold or ice) compresses\n- After cleansing, a mild antibiotic ointment and bandage may be applied\n- A tetanus shot is also recommended, especially if the person has not had one in more than 10 years\n- For more serious electrical burns\n- Check for breathing\n- If the person is not breathing, start rescue breathing if you know how\n- Raise burned arms and legs higher than the person's heart"", '## Method\n- Wash hands and wear gloves if possible\n- In case of contaminated wounds, cleanwith  antiseptic solution\n- If antiseptic solution is unavailable, washthe  wound with soap andwater\n- Dry the sides of the wound\n- Open the dressing by removing the  wrappings\n- Place the dressing directly over the wound\n- Bandage firmly using triangular bandage and  secure it by tying the two ends together by  reef knot.\n- Gauze taken in layers may be used instead of  dressing\n- A piece of cloth cut in the shape of bandage  may be used instead of bandage\n- Wash hands with soap and water after  dressing  \n·  \n·  \n·  \n·']","For chemical burns, the treatment options include:

- Dry chemicals should be brushed off the skin by a person wearing gloves.
- Remove clothing and jewelry and rinse chemicals off the skin in a shower for 15 to 20 minutes.
- Be careful to protect your eyes.",Dry chemicals should be brushed off the skin by a person wearing gloves. Remove clothing and jewelry and rinse chemicals off the skin in a shower for 15-20 minutes. Wet chemicals should be flushed off with cool running water for 20 minutes or longer.,0.8,0.8934695994136291,0.9999999999,0.6666666666666666
When should you seek medical help for a burn?,"['## WHEN SHOULD I SEEK MEDICAL HELP?\n- Seek medical attention if the burn covers a large area of the body\n- If there are signs of a deep second-degree or third-degree burn\n- If the blisters appear to be filled with greenish or brown fluid\n- The person burned is an infant or elderly\n- If the burn was caused by electricity\n- Fever\n- Signs of an infection: puss or foul smelling\n- Excessive swelling\n- If a minor burn does not heal in 10 days to 2 weeks', ""## Compressions\n1. Put the person on his/her back on a firm surface.\n2. Kneel next to the person's neck and shoulders.\n3. Place the heel of one hand over the centre of the person's chest, between the nipples. Place your other hand on top of the first hand. Keep your elbows straight and position your shoulders directly above your hands.\n4. Use your upper body weight as you push straight down on the chest at least 2 inches (approximately 5 cm). Push hard at a rate of 100 compressions a minute.\n5. If you haven't been trained in CPR, continue chest compressions until there are signs of movement or until emergency medical help arrives. If you have been trained in CPR, go on to next step, opening the airway and rescue breathing.  \nCPR method, compression (Source: Wikipedia)""]","Seek medical attention if the burn covers a large area of the body, if there are signs of a deep second-degree or third-degree burn, if the blisters appear to be filled with greenish or brown fluid, if the person burned is an infant or elderly, if the burn was caused by electricity, if there is fever, signs of an infection (pus or foul smelling), excessive swelling, or if a minor burn does not heal in 10 days to 2 weeks.","If the burn covers a large area, if there are signs of deep second-degree or third-degree burn, if blisters have greenish or brown fluid, if the person is an infant or elderly, if caused by electricity, fever, signs of infection, excessive swelling, or if a minor burn does not heal in 10 days to 2 weeks.",1.0,0.9714413792654331,0.9999999999,1.0
What medications may be prescribed for burns?,"['## WHAT ARE MY TREATMENT OPTIONS?\n- Minor burns can usually be treated at home with self-care\n- Remove person or body part from source of heat/ burn agent\n- Run cool water over the area or hold a cold compress on the area until the pain is relieved\n- Do not use butter, vaseline, ice, or other home remedies\n- Remove any tight clothing or jewelry from the area burned\n- You can apply antibiotic cream\n- Cover with a sterile gauze or non-adhesive bandage\n- Try to keep the burned area elevated to help reduce swelling\n- Serious burns/ third-degree burns\n- Seek immediate medical attention\n- You may require hospitalization or transfer to a burn unit\n- Burned tissue may be removed and covered with skin graft\n- Chemical burns\n- Dry chemicals should be brushed off the skin by a person wearing gloves\n- Remove clothing and jewelry and rinse chemicals off the skin in a shower for 15 to 20 minutes\n- Be careful to protect your eyes', '## 3.1 Introduction to first aid and CPR\nCPR can keep oxygenated blood flowing to the brain and other vital organs until more definitive medical treatment restores a normal heart activity.  \nWhen the heart stops, the lack of oxygenated blood can cause brain damage in only a few minutes. A person may die within 5 to 10 minutes.']","Topical antibiotics, a tetanus shot if not current, and dressings containing silver to help prevent infection may be prescribed for burns.","Topical antibiotics, tetanus shot if not current, and dressings containing silver to prevent infection.",0.0,0.8916357921382817,0.0,0.0
What is a dressing?,"['## DRESSING\nA  dressingis a sterile pad, compress that is  applied directly over a wound to promote  healing.', '## WHAT MEDICATIONS MAY BE PRESCRIBED?\n- Topical antibiotics\n- Tetanus shot if not current\n- Dressings containing silver to help prevent infection']",A dressing is a sterile pad or compress that is applied directly over a wound to promote healing.,A dressing is a sterile pad or compress applied directly over a wound to promote healing.,1.0,0.8776604219875477,0.9999999999,1.0
What are the purposes of a dressing?,"['## Purposes of dressing-\n- To protect thewound\n- To control/ stop bleeding\n- To apply medication\n- To absorb excess moisture / discharges from  the wound\n- To prevent infection\n- To prevent further injury\n- To promote healing\n- Provide comfort', '## WHAT MEDICATIONS MAY BE PRESCRIBED?\n- Topical antibiotics\n- Tetanus shot if not current\n- Dressings containing silver to help prevent infection']","The purposes of a dressing are to protect the wound, control/stop bleeding, apply medication, absorb excess moisture/discharges from the wound, prevent infection, prevent further injury, promote healing, and provide comfort.","To protect the wound, control bleeding, apply medication, absorb moisture, prevent infection, prevent further injury, promote healing, and provide comfort.",1.0,0.9999996829031991,0.9999999999,1.0
How do you apply an adhesive dressing?,"['## Method of Adhesive dressing\n- Wash hands and wear gloves if possible\n- In case of contaminated wounds, clean with  antiseptic solution\n- If antiseptic solution is unavailable, washthe  wound with soap andwater\n- Dry the sides of the wound with gauze piece\n- Remove the adhesive dressing from itsouter\n- wrapping and hold it with the gauze side  down\n- Peel back and expose the gauze\n- Place it in such a way that the pad comes directly over the wound.\n- Do not touch the  gauze pad\n- Pull away the protective strips withcare\n- Press the edges and ends well to fix it onto  the skin.', ""## 3.1 Introduction to first aid and CPR\n1. The primary objective of first aid is to minimize the pain and  save lives. First aid done correctly should help reduce the patient's pain and stabilise the patient.\n2. First aid also includes addressing  the external factors, such as moving a patient away from any cause of harm or site of accident, away from fire as smoke may cause further choking, and applying first aid techniques to prevent worsening of the condition.\n3. It would also include to accelerate the recovery from the illness or injury, and in some cases might involve completing a treatment, such as applying adhesive bandage to a small wound or supporting a broken arm or leg.  \nIt is important to note that first aid cannot be compared with the care what a trained medical professional provides. First aid involves making common sense decisions in the best interest of an injured person in an emergency situation.  \nFollowing (ABCD) points may be noted in the patient during such emergency :"", ""## WHAT ARE MY TREATMENT OPTIONS?\n- Remove clothing and jewelry and rinse chemicals off the skin in a shower for 15 to 20 minutes\n- Be careful to protect your eyes\n- Wet chemicals should be flushed off affected areas with cool running water for 20 minutes or longer or until emergency help arrives\n- If you or someone else has swallowed a chemical substance or an object that could be harmful (e.g., watch battery) call poison control first (1-800-222-1222) and then 911\n- It is helpful to know what chemical product has been swallowed\n- Take it with you to the hospital if unsure\n- Minor electrical burns can be treated with cool (not cold or ice) compresses\n- After cleansing, a mild antibiotic ointment and bandage may be applied\n- A tetanus shot is also recommended, especially if the person has not had one in more than 10 years\n- For more serious electrical burns\n- Check for breathing\n- If the person is not breathing, start rescue breathing if you know how\n- Raise burned arms and legs higher than the person's heart""]","To apply an adhesive dressing, follow these steps:

1. Wash hands and wear gloves if possible.
2. In case of contaminated wounds, clean with antiseptic solution. If unavailable, wash the wound with soap and water.
3. Dry the sides of the wound with a gauze piece.
4. Remove the adhesive dressing from its outer wrapping and hold it with the gauze side down.
5. Peel back and expose the gauze.
6. Place it in such a way that the pad comes directly over the wound. Do not touch the gauze pad.
7. Pull away the protective strips with care.
8. Press the edges and ends well to fix it onto the skin.",Wash hands and wear gloves. Clean contaminated wounds with antiseptic solution. Dry the sides of the wound. Remove the adhesive dressing from its wrapping and place the pad directly over the wound without touching the gauze pad. Press the edges to fix it onto the skin.,1.0,0.9999996341509212,0.9999999999,1.0
What is a bandage?,"['## BANDAGE\nThe bandage is any material  that is used to hold a dressing or  compress in place, to prevemt infection of a wound, to  apply pressure to control bleeding or to support broken  bones when used as a sling. These includes gauze,  triangular, Elastic, and tubular bandage. The most papular bandage  in first aid is the triangular bandage. A triangular bandage  may be used as open or folded. Once folded it is called  cravat.', '## WHAT IS BURNS?\n- A burn is an injury to tissue or skin that can be caused by several sources\n- Heat\n- Sunlight\n- Chemicals\n- Electricity\n- Radiation\n- There are six degrees (types) of burns, with 1st thru 3rd being most common household or workplace related\n- First-degree: damages the outer layer of skin only (epidermis)\n- Second-degree: damages both the outer layer and the layer underneath (dermis)\n- Third-degree: damages the deepest layers of skin and underlying tissues, often destroying these tissues\n- Fourth-degree: extends into fat layer\n- Fifth-degree: extends into muscle layers\n- Sixth-degree: extends into bone\n- The severity of a burn depends on how large of an area it covers and how deep the damage goes', ""## 3.1 Introduction to first aid and CPR\n1. The primary objective of first aid is to minimize the pain and  save lives. First aid done correctly should help reduce the patient's pain and stabilise the patient.\n2. First aid also includes addressing  the external factors, such as moving a patient away from any cause of harm or site of accident, away from fire as smoke may cause further choking, and applying first aid techniques to prevent worsening of the condition.\n3. It would also include to accelerate the recovery from the illness or injury, and in some cases might involve completing a treatment, such as applying adhesive bandage to a small wound or supporting a broken arm or leg.  \nIt is important to note that first aid cannot be compared with the care what a trained medical professional provides. First aid involves making common sense decisions in the best interest of an injured person in an emergency situation.  \nFollowing (ABCD) points may be noted in the patient during such emergency :""]","A bandage is any material used to hold a dressing or compress in place, to prevent infection of a wound, to apply pressure to control bleeding, or to support broken bones when used as a sling. This includes gauze, triangular, elastic, and tubular bandages. The most popular bandage in first aid is the triangular bandage.","A bandage is any material used to hold a dressing in place, prevent infection, apply pressure to control bleeding, or support broken bones. Types include gauze, triangular, elastic, and tubular bandages. The most popular is the triangular bandage.",1.0,0.8597285837159825,0.9999999999,1.0
How is a hand bandage applied using a triangular bandage?,"['## HANDBANDAGE\n- Place the hand in the  middle of the triangular bandage with the wrist at  the base of the\n- Place the apex over the  fingers and tuck any excess  material into the pleats on  each side of the hand\n- Cross the ends on top of  the hand, take them around the wrist, and tie  them with a square knot.', ""## WHAT ARE MY TREATMENT OPTIONS?\n- Remove clothing and jewelry and rinse chemicals off the skin in a shower for 15 to 20 minutes\n- Be careful to protect your eyes\n- Wet chemicals should be flushed off affected areas with cool running water for 20 minutes or longer or until emergency help arrives\n- If you or someone else has swallowed a chemical substance or an object that could be harmful (e.g., watch battery) call poison control first (1-800-222-1222) and then 911\n- It is helpful to know what chemical product has been swallowed\n- Take it with you to the hospital if unsure\n- Minor electrical burns can be treated with cool (not cold or ice) compresses\n- After cleansing, a mild antibiotic ointment and bandage may be applied\n- A tetanus shot is also recommended, especially if the person has not had one in more than 10 years\n- For more serious electrical burns\n- Check for breathing\n- If the person is not breathing, start rescue breathing if you know how\n- Raise burned arms and legs higher than the person's heart"", ""## 3.1 Introduction to first aid and CPR\n1. The primary objective of first aid is to minimize the pain and  save lives. First aid done correctly should help reduce the patient's pain and stabilise the patient.\n2. First aid also includes addressing  the external factors, such as moving a patient away from any cause of harm or site of accident, away from fire as smoke may cause further choking, and applying first aid techniques to prevent worsening of the condition.\n3. It would also include to accelerate the recovery from the illness or injury, and in some cases might involve completing a treatment, such as applying adhesive bandage to a small wound or supporting a broken arm or leg.  \nIt is important to note that first aid cannot be compared with the care what a trained medical professional provides. First aid involves making common sense decisions in the best interest of an injured person in an emergency situation.  \nFollowing (ABCD) points may be noted in the patient during such emergency :""]","To apply a hand bandage using a triangular bandage, follow these steps:

1. Place the hand in the middle of the triangular bandage with the wrist at the base.
2. Place the apex over the fingers and tuck any excess material into the pleats on each side of the hand.
3. Cross the ends on top of the hand, take them around the wrist, and tie them with a square knot.","Place the hand in the middle of the triangular bandage with the wrist at the base. Place the apex over the fingers and tuck excess material into pleats. Cross the ends on top of the hand, take them around the wrist, and tie with a square knot.",1.0,0.9539573449635547,0.9999999999,1.0
How is an arm sling applied?,"['## UNDERARMSLING\n- Same procedure as arm  sling except that the lower  end of the base is tucked  under the injured arm.\n- Secure end of base and  apex with a square knot  the center indention at the  back.', ""## Compressions\n1. Put the person on his/her back on a firm surface.\n2. Kneel next to the person's neck and shoulders.\n3. Place the heel of one hand over the centre of the person's chest, between the nipples. Place your other hand on top of the first hand. Keep your elbows straight and position your shoulders directly above your hands.\n4. Use your upper body weight as you push straight down on the chest at least 2 inches (approximately 5 cm). Push hard at a rate of 100 compressions a minute.\n5. If you haven't been trained in CPR, continue chest compressions until there are signs of movement or until emergency medical help arrives. If you have been trained in CPR, go on to next step, opening the airway and rescue breathing.  \nCPR method, compression (Source: Wikipedia)"", ""## WHAT ARE MY TREATMENT OPTIONS?\n- Remove clothing and jewelry and rinse chemicals off the skin in a shower for 15 to 20 minutes\n- Be careful to protect your eyes\n- Wet chemicals should be flushed off affected areas with cool running water for 20 minutes or longer or until emergency help arrives\n- If you or someone else has swallowed a chemical substance or an object that could be harmful (e.g., watch battery) call poison control first (1-800-222-1222) and then 911\n- It is helpful to know what chemical product has been swallowed\n- Take it with you to the hospital if unsure\n- Minor electrical burns can be treated with cool (not cold or ice) compresses\n- After cleansing, a mild antibiotic ointment and bandage may be applied\n- A tetanus shot is also recommended, especially if the person has not had one in more than 10 years\n- For more serious electrical burns\n- Check for breathing\n- If the person is not breathing, start rescue breathing if you know how\n- Raise burned arms and legs higher than the person's heart""]","To apply an arm sling, follow these steps:

1. Place the folded base vertically over the injured arm, with the pointed end directly under the elbow.
2. Lower the ends of the base at the side of the neck and secure them using a square knot.
3. Make several twists with the apex and tie a knot, hiding the knot.",Place folded base vertically over one arm with pointed end directly under the elbow. Lower ends of base at the side of the neck using a square knot. Make several twists with apex and tie a knot. Hide the knot.,0.25,0.9356896371666787,0.0,0.0
How is an underarm sling applied?,"['## UNDERARMSLING\n- Same procedure as arm  sling except that the lower  end of the base is tucked  under the injured arm.\n- Secure end of base and  apex with a square knot  the center indention at the  back.', ""## Compressions\n1. Put the person on his/her back on a firm surface.\n2. Kneel next to the person's neck and shoulders.\n3. Place the heel of one hand over the centre of the person's chest, between the nipples. Place your other hand on top of the first hand. Keep your elbows straight and position your shoulders directly above your hands.\n4. Use your upper body weight as you push straight down on the chest at least 2 inches (approximately 5 cm). Push hard at a rate of 100 compressions a minute.\n5. If you haven't been trained in CPR, continue chest compressions until there are signs of movement or until emergency medical help arrives. If you have been trained in CPR, go on to next step, opening the airway and rescue breathing.  \nCPR method, compression (Source: Wikipedia)"", ""## WHAT ARE MY TREATMENT OPTIONS?\n- Remove clothing and jewelry and rinse chemicals off the skin in a shower for 15 to 20 minutes\n- Be careful to protect your eyes\n- Wet chemicals should be flushed off affected areas with cool running water for 20 minutes or longer or until emergency help arrives\n- If you or someone else has swallowed a chemical substance or an object that could be harmful (e.g., watch battery) call poison control first (1-800-222-1222) and then 911\n- It is helpful to know what chemical product has been swallowed\n- Take it with you to the hospital if unsure\n- Minor electrical burns can be treated with cool (not cold or ice) compresses\n- After cleansing, a mild antibiotic ointment and bandage may be applied\n- A tetanus shot is also recommended, especially if the person has not had one in more than 10 years\n- For more serious electrical burns\n- Check for breathing\n- If the person is not breathing, start rescue breathing if you know how\n- Raise burned arms and legs higher than the person's heart""]","To apply an underarm sling, follow these steps:

1. Use the same procedure as for an arm sling, but tuck the lower end of the base under the injured arm.
2. Secure the end of the base and the apex with a square knot at the center indentation at the back.",Same procedure as arm sling except the lower end of the base is tucked under the injured arm. Secure end of base and apex with a square knot at the center indentation at the back.,1.0,0.9483642744215303,0.9999999999,1.0
How is a cravat bandage for the forehead applied?,"['## CRAVAT BANDAGE FORFOREHEAD\n- Place the center of the  cravat over the compress covering the wound.\n- Carry the ends around to  the opposite side of the head, cross them. Bring  them back to the staring point and tie them.', ""## Airway\nIf you're trained in CPR and you've performed 30 chest compressions, open the person's airway. Put your palm on the person's forehead and gently tilt the head back. Then with the other hand, gently lift the chin forward to open the airway."", ""## WHAT ARE MY TREATMENT OPTIONS?\n- Remove clothing and jewelry and rinse chemicals off the skin in a shower for 15 to 20 minutes\n- Be careful to protect your eyes\n- Wet chemicals should be flushed off affected areas with cool running water for 20 minutes or longer or until emergency help arrives\n- If you or someone else has swallowed a chemical substance or an object that could be harmful (e.g., watch battery) call poison control first (1-800-222-1222) and then 911\n- It is helpful to know what chemical product has been swallowed\n- Take it with you to the hospital if unsure\n- Minor electrical burns can be treated with cool (not cold or ice) compresses\n- After cleansing, a mild antibiotic ointment and bandage may be applied\n- A tetanus shot is also recommended, especially if the person has not had one in more than 10 years\n- For more serious electrical burns\n- Check for breathing\n- If the person is not breathing, start rescue breathing if you know how\n- Raise burned arms and legs higher than the person's heart""]","To apply a cravat bandage for the forehead, place the center of the cravat over the compress covering the wound. Carry the ends around to the opposite side of the head, cross them, and bring them back to the starting point to tie them.","Place the center of the cravat over the compress covering the wound. Carry the ends around to the opposite side of the head, cross them, bring them back to the starting point, and tie.",1.0,0.955866145305952,0.9999999999,1.0
How is a cravat bandage for the eye applied?,"['## CRAVAT BANDAGE FOR THE EYE\n- Lay center of the first cravat  over top of he with thefront  end falling over uninjured  eye.\n- Bring second cravat around  head, over eyes, and over  loose ends of first cravat.Tie  in front\n- Bring ends of first cravat back  over top of head, tying there  and pulling second cravat up  and away form uninjuredeye.  \nFigure 12.Cravat bandage of eye.', ""## WHAT ARE MY TREATMENT OPTIONS?\n- Remove clothing and jewelry and rinse chemicals off the skin in a shower for 15 to 20 minutes\n- Be careful to protect your eyes\n- Wet chemicals should be flushed off affected areas with cool running water for 20 minutes or longer or until emergency help arrives\n- If you or someone else has swallowed a chemical substance or an object that could be harmful (e.g., watch battery) call poison control first (1-800-222-1222) and then 911\n- It is helpful to know what chemical product has been swallowed\n- Take it with you to the hospital if unsure\n- Minor electrical burns can be treated with cool (not cold or ice) compresses\n- After cleansing, a mild antibiotic ointment and bandage may be applied\n- A tetanus shot is also recommended, especially if the person has not had one in more than 10 years\n- For more serious electrical burns\n- Check for breathing\n- If the person is not breathing, start rescue breathing if you know how\n- Raise burned arms and legs higher than the person's heart"", ""## 3.1 Introduction to first aid and CPR\n1. The primary objective of first aid is to minimize the pain and  save lives. First aid done correctly should help reduce the patient's pain and stabilise the patient.\n2. First aid also includes addressing  the external factors, such as moving a patient away from any cause of harm or site of accident, away from fire as smoke may cause further choking, and applying first aid techniques to prevent worsening of the condition.\n3. It would also include to accelerate the recovery from the illness or injury, and in some cases might involve completing a treatment, such as applying adhesive bandage to a small wound or supporting a broken arm or leg.  \nIt is important to note that first aid cannot be compared with the care what a trained medical professional provides. First aid involves making common sense decisions in the best interest of an injured person in an emergency situation.  \nFollowing (ABCD) points may be noted in the patient during such emergency :""]","To apply a cravat bandage for the eye, lay the center of the first cravat over the top of the head with the front end falling over the uninjured eye. Bring a second cravat around the head, over the eyes, and over the loose ends of the first cravat, tying it in front. Then, bring the ends of the first cravat back over the top of the head, tying there and pulling the second cravat up and away from the uninjured eye.","Lay center of the first cravat over top of the head with front end over uninjured eye. Bring second cravat around head, over eyes, and over loose ends of first cravat. Tie in front. Bring ends of first cravat back over head and tie.",1.0,0.9461898802598251,0.9999999999,1.0
How is a cravat bandage for the knee applied?,"['## CRAVAT FOR THE KNEE\n- Start on top of the knees.\n- Cross over and twist 2-3  times under the knee.\n- Cross over on top/pull  ends to opposite sides.\n- Secure with a square knot  under the knee', ""## 3.1 Introduction to first aid and CPR\n1. The primary objective of first aid is to minimize the pain and  save lives. First aid done correctly should help reduce the patient's pain and stabilise the patient.\n2. First aid also includes addressing  the external factors, such as moving a patient away from any cause of harm or site of accident, away from fire as smoke may cause further choking, and applying first aid techniques to prevent worsening of the condition.\n3. It would also include to accelerate the recovery from the illness or injury, and in some cases might involve completing a treatment, such as applying adhesive bandage to a small wound or supporting a broken arm or leg.  \nIt is important to note that first aid cannot be compared with the care what a trained medical professional provides. First aid involves making common sense decisions in the best interest of an injured person in an emergency situation.  \nFollowing (ABCD) points may be noted in the patient during such emergency :"", ""## WHAT ARE MY TREATMENT OPTIONS?\n- Remove clothing and jewelry and rinse chemicals off the skin in a shower for 15 to 20 minutes\n- Be careful to protect your eyes\n- Wet chemicals should be flushed off affected areas with cool running water for 20 minutes or longer or until emergency help arrives\n- If you or someone else has swallowed a chemical substance or an object that could be harmful (e.g., watch battery) call poison control first (1-800-222-1222) and then 911\n- It is helpful to know what chemical product has been swallowed\n- Take it with you to the hospital if unsure\n- Minor electrical burns can be treated with cool (not cold or ice) compresses\n- After cleansing, a mild antibiotic ointment and bandage may be applied\n- A tetanus shot is also recommended, especially if the person has not had one in more than 10 years\n- For more serious electrical burns\n- Check for breathing\n- If the person is not breathing, start rescue breathing if you know how\n- Raise burned arms and legs higher than the person's heart""]","To apply a cravat bandage for the knee, start on top of the knees. Cross over and twist 2-3 times under the knee. Cross over on top and pull ends to opposite sides. Secure with a square knot under the knee.","Start on top of the knees. Cross over and twist 2-3 times under the knee. Cross over on top, pull ends to opposite sides. Secure with a square knot under the knee.",1.0,0.949201436483619,0.9999999999,1.0
How is a cravat bandage for the elbow applied?,"['## CRAVAT FORELBOW\n- Bend arm at elbow and  place center of cravat at  point of elbow\n- Bring ends up and across each other in overlapping spiral turns. Continue one end up armandtheother end down forearm.\n- Bring ends to front of elbow and tie .', ""## 3.1 Introduction to first aid and CPR\n1. The primary objective of first aid is to minimize the pain and  save lives. First aid done correctly should help reduce the patient's pain and stabilise the patient.\n2. First aid also includes addressing  the external factors, such as moving a patient away from any cause of harm or site of accident, away from fire as smoke may cause further choking, and applying first aid techniques to prevent worsening of the condition.\n3. It would also include to accelerate the recovery from the illness or injury, and in some cases might involve completing a treatment, such as applying adhesive bandage to a small wound or supporting a broken arm or leg.  \nIt is important to note that first aid cannot be compared with the care what a trained medical professional provides. First aid involves making common sense decisions in the best interest of an injured person in an emergency situation.  \nFollowing (ABCD) points may be noted in the patient during such emergency :"", ""## WHAT ARE MY TREATMENT OPTIONS?\n- Remove clothing and jewelry and rinse chemicals off the skin in a shower for 15 to 20 minutes\n- Be careful to protect your eyes\n- Wet chemicals should be flushed off affected areas with cool running water for 20 minutes or longer or until emergency help arrives\n- If you or someone else has swallowed a chemical substance or an object that could be harmful (e.g., watch battery) call poison control first (1-800-222-1222) and then 911\n- It is helpful to know what chemical product has been swallowed\n- Take it with you to the hospital if unsure\n- Minor electrical burns can be treated with cool (not cold or ice) compresses\n- After cleansing, a mild antibiotic ointment and bandage may be applied\n- A tetanus shot is also recommended, especially if the person has not had one in more than 10 years\n- For more serious electrical burns\n- Check for breathing\n- If the person is not breathing, start rescue breathing if you know how\n- Raise burned arms and legs higher than the person's heart""]","To apply a cravat bandage for the elbow, bend the arm at the elbow and place the center of the cravat at the point of the elbow. Bring the ends up and across each other in overlapping spiral turns, continuing one end up the arm and the other end down the forearm. Finally, bring the ends to the front of the elbow and tie them.",Bend arm at elbow and place center of cravat at the point of the elbow. Bring ends up and across each other in overlapping spiral turns. Continue one end up the arm and the other down the forearm. Bring ends to front of elbow and tie.,1.0,0.9488944617364424,0.9999999999,1.0
How is a cravat bandage for the cheek or ear applied?,"['## CRAVAT BANDAGE FOR THE CHEEK OR EARS\n- Use the wide cravat. Start with the  middle of the cravat over the  compress covering the cheek or  the ear.\n- Carry one end over the top of the  head and the other under the  chin.\n- Cross the ends at the opposite  side.\n- Bring the short end back around  the forehead and the long end  around the back of the head.\n- Tie them down over the compress', ""## 3.1 Introduction to first aid and CPR\n1. The primary objective of first aid is to minimize the pain and  save lives. First aid done correctly should help reduce the patient's pain and stabilise the patient.\n2. First aid also includes addressing  the external factors, such as moving a patient away from any cause of harm or site of accident, away from fire as smoke may cause further choking, and applying first aid techniques to prevent worsening of the condition.\n3. It would also include to accelerate the recovery from the illness or injury, and in some cases might involve completing a treatment, such as applying adhesive bandage to a small wound or supporting a broken arm or leg.  \nIt is important to note that first aid cannot be compared with the care what a trained medical professional provides. First aid involves making common sense decisions in the best interest of an injured person in an emergency situation.  \nFollowing (ABCD) points may be noted in the patient during such emergency :"", ""## WHAT ARE MY TREATMENT OPTIONS?\n- Remove clothing and jewelry and rinse chemicals off the skin in a shower for 15 to 20 minutes\n- Be careful to protect your eyes\n- Wet chemicals should be flushed off affected areas with cool running water for 20 minutes or longer or until emergency help arrives\n- If you or someone else has swallowed a chemical substance or an object that could be harmful (e.g., watch battery) call poison control first (1-800-222-1222) and then 911\n- It is helpful to know what chemical product has been swallowed\n- Take it with you to the hospital if unsure\n- Minor electrical burns can be treated with cool (not cold or ice) compresses\n- After cleansing, a mild antibiotic ointment and bandage may be applied\n- A tetanus shot is also recommended, especially if the person has not had one in more than 10 years\n- For more serious electrical burns\n- Check for breathing\n- If the person is not breathing, start rescue breathing if you know how\n- Raise burned arms and legs higher than the person's heart""]","To apply a cravat bandage for the cheek or ear, follow these steps:

1. Use the wide cravat and start with the middle of the cravat over the compress covering the cheek or the ear.
2. Carry one end over the top of the head and the other under the chin.
3. Cross the ends at the opposite side.
4. Bring the short end back around the forehead and the long end around the back of the head.
5. Tie them down over the compress.",Use a wide cravat. Start with the middle over the compress. Carry one end over the top of the head and the other under the chin. Cross ends at the opposite side. Bring short end back around forehead and long end around back of head. Tie down over the compress.,1.0,0.9537460247092828,0.9999999999,1.0
How is a cravat bandage for the neck applied?,"['## CRAVAT BANDAGE FOR THENECK\n- Place the center of the cravat over the  compress covering the wound.\n- Carry the ends around to the neck, cross  them. Bring them back to the starting point  and tie them loosely.', ""## 3.1 Introduction to first aid and CPR\n1. The primary objective of first aid is to minimize the pain and  save lives. First aid done correctly should help reduce the patient's pain and stabilise the patient.\n2. First aid also includes addressing  the external factors, such as moving a patient away from any cause of harm or site of accident, away from fire as smoke may cause further choking, and applying first aid techniques to prevent worsening of the condition.\n3. It would also include to accelerate the recovery from the illness or injury, and in some cases might involve completing a treatment, such as applying adhesive bandage to a small wound or supporting a broken arm or leg.  \nIt is important to note that first aid cannot be compared with the care what a trained medical professional provides. First aid involves making common sense decisions in the best interest of an injured person in an emergency situation.  \nFollowing (ABCD) points may be noted in the patient during such emergency :"", ""## WHAT ARE MY TREATMENT OPTIONS?\n- Remove clothing and jewelry and rinse chemicals off the skin in a shower for 15 to 20 minutes\n- Be careful to protect your eyes\n- Wet chemicals should be flushed off affected areas with cool running water for 20 minutes or longer or until emergency help arrives\n- If you or someone else has swallowed a chemical substance or an object that could be harmful (e.g., watch battery) call poison control first (1-800-222-1222) and then 911\n- It is helpful to know what chemical product has been swallowed\n- Take it with you to the hospital if unsure\n- Minor electrical burns can be treated with cool (not cold or ice) compresses\n- After cleansing, a mild antibiotic ointment and bandage may be applied\n- A tetanus shot is also recommended, especially if the person has not had one in more than 10 years\n- For more serious electrical burns\n- Check for breathing\n- If the person is not breathing, start rescue breathing if you know how\n- Raise burned arms and legs higher than the person's heart""]","To apply a cravat bandage for the neck, place the center of the cravat over the compress covering the wound. Carry the ends around to the neck, cross them, bring them back to the starting point, and tie them loosely.","Place the center of the cravat over the compress covering the wound. Carry the ends around to the neck, cross them, bring back to the starting point, and tie loosely.",1.0,0.9548310122094962,0.9999999999,1.0
How is a shoulder/armpit cravat applied?,"['## SHOULDER ARMPITCRAVAT\n- Start at the armpit.\n- Cross-over at injured  shoulder\n- Tie at the opposite armpit  (side of front)', ""## Compressions\n1. Put the person on his/her back on a firm surface.\n2. Kneel next to the person's neck and shoulders.\n3. Place the heel of one hand over the centre of the person's chest, between the nipples. Place your other hand on top of the first hand. Keep your elbows straight and position your shoulders directly above your hands.\n4. Use your upper body weight as you push straight down on the chest at least 2 inches (approximately 5 cm). Push hard at a rate of 100 compressions a minute.\n5. If you haven't been trained in CPR, continue chest compressions until there are signs of movement or until emergency medical help arrives. If you have been trained in CPR, go on to next step, opening the airway and rescue breathing.  \nCPR method, compression (Source: Wikipedia)""]",Start at the armpit. Cross over at the injured shoulder and tie at the opposite armpit (side of front).,Start at the armpit. Cross over at the injured shoulder. Tie at the opposite armpit (side of front).,1.0,0.4986295600553111,0.9999999999,1.0
What is a head top bandage used for?,"['## BANDAGE\nThe bandage is any material  that is used to hold a dressing or  compress in place, to prevemt infection of a wound, to  apply pressure to control bleeding or to support broken  bones when used as a sling. These includes gauze,  triangular, Elastic, and tubular bandage. The most papular bandage  in first aid is the triangular bandage. A triangular bandage  may be used as open or folded. Once folded it is called  cravat.', ""## 3.1 Introduction to first aid and CPR\n1. The primary objective of first aid is to minimize the pain and  save lives. First aid done correctly should help reduce the patient's pain and stabilise the patient.\n2. First aid also includes addressing  the external factors, such as moving a patient away from any cause of harm or site of accident, away from fire as smoke may cause further choking, and applying first aid techniques to prevent worsening of the condition.\n3. It would also include to accelerate the recovery from the illness or injury, and in some cases might involve completing a treatment, such as applying adhesive bandage to a small wound or supporting a broken arm or leg.  \nIt is important to note that first aid cannot be compared with the care what a trained medical professional provides. First aid involves making common sense decisions in the best interest of an injured person in an emergency situation.  \nFollowing (ABCD) points may be noted in the patient during such emergency :"", '## WHAT CAN I EXPECT?\n- The deeper the burn the longer it will take to heal\n- For more severe burns you may need to be hospitalized']",Information not available in the provided documents.,"A head top bandage is used for head injuries. Fold the base at least 2-3 inches, place folded base aligned with eyebrows, pull back and cross over at the back, secure with a square knot, pull down apex and tuck neatly.",1.0,0.0,0.0,0.0
What should you do if a bandage is too tight?,"['## GUIDELINES IN USING DRESSING ANDBANDAGES\nUse a dressing that is large enough to extend atleast 1 inch beyond the  edges of the wound. If body tissue or organs are exposed, cover the wound with a dressing  that will not stick, such as plastic wrap or moistened gauze. then secure  the dressing with a bandage or adhesive tapes. If the bandage is over a joint, splint and make a bulky dressing so the  joint remains immobilized. if there is no movement of a wound over joint,  there should be improved healing and reduced scarring. A bandage should fit snugly but should not cut off circulation or cause the  victim discomfort. If the area beyond the wound changes in color, begins  to tingle or feel cold, or if the wound starts to swell, the bandages is too  tight and should be loosened.', '## WHAT ARE MY TREATMENT OPTIONS?\n- Minor burns can usually be treated at home with self-care\n- Remove person or body part from source of heat/ burn agent\n- Run cool water over the area or hold a cold compress on the area until the pain is relieved\n- Do not use butter, vaseline, ice, or other home remedies\n- Remove any tight clothing or jewelry from the area burned\n- You can apply antibiotic cream\n- Cover with a sterile gauze or non-adhesive bandage\n- Try to keep the burned area elevated to help reduce swelling\n- Serious burns/ third-degree burns\n- Seek immediate medical attention\n- You may require hospitalization or transfer to a burn unit\n- Burned tissue may be removed and covered with skin graft\n- Chemical burns\n- Dry chemicals should be brushed off the skin by a person wearing gloves\n- Remove clothing and jewelry and rinse chemicals off the skin in a shower for 15 to 20 minutes\n- Be careful to protect your eyes', ""## 3.1 Introduction to first aid and CPR\n1. The primary objective of first aid is to minimize the pain and  save lives. First aid done correctly should help reduce the patient's pain and stabilise the patient.\n2. First aid also includes addressing  the external factors, such as moving a patient away from any cause of harm or site of accident, away from fire as smoke may cause further choking, and applying first aid techniques to prevent worsening of the condition.\n3. It would also include to accelerate the recovery from the illness or injury, and in some cases might involve completing a treatment, such as applying adhesive bandage to a small wound or supporting a broken arm or leg.  \nIt is important to note that first aid cannot be compared with the care what a trained medical professional provides. First aid involves making common sense decisions in the best interest of an injured person in an emergency situation.  \nFollowing (ABCD) points may be noted in the patient during such emergency :""]","If the area beyond the wound changes in color, begins to tingle or feel cold, or if the wound starts to swell, the bandage is too tight and should be loosened.","If the area beyond the wound changes color, begins to tingle or feel cold, or if the wound starts to swell, the bandage is too tight and should be loosened.",1.0,0.8341977559331075,0.9999999999,1.0
What are the guidelines for using dressings and bandages?,"['## GUIDELINES IN USING DRESSING ANDBANDAGES\nUse a dressing that is large enough to extend atleast 1 inch beyond the  edges of the wound. If body tissue or organs are exposed, cover the wound with a dressing  that will not stick, such as plastic wrap or moistened gauze. then secure  the dressing with a bandage or adhesive tapes. If the bandage is over a joint, splint and make a bulky dressing so the  joint remains immobilized. if there is no movement of a wound over joint,  there should be improved healing and reduced scarring. A bandage should fit snugly but should not cut off circulation or cause the  victim discomfort. If the area beyond the wound changes in color, begins  to tingle or feel cold, or if the wound starts to swell, the bandages is too  tight and should be loosened.', ""## WHAT ARE MY TREATMENT OPTIONS?\n- Remove clothing and jewelry and rinse chemicals off the skin in a shower for 15 to 20 minutes\n- Be careful to protect your eyes\n- Wet chemicals should be flushed off affected areas with cool running water for 20 minutes or longer or until emergency help arrives\n- If you or someone else has swallowed a chemical substance or an object that could be harmful (e.g., watch battery) call poison control first (1-800-222-1222) and then 911\n- It is helpful to know what chemical product has been swallowed\n- Take it with you to the hospital if unsure\n- Minor electrical burns can be treated with cool (not cold or ice) compresses\n- After cleansing, a mild antibiotic ointment and bandage may be applied\n- A tetanus shot is also recommended, especially if the person has not had one in more than 10 years\n- For more serious electrical burns\n- Check for breathing\n- If the person is not breathing, start rescue breathing if you know how\n- Raise burned arms and legs higher than the person's heart""]","Use a dressing that is large enough to extend at least 1 inch beyond the edges of the wound. If body tissue or organs are exposed, cover the wound with a dressing that will not stick, such as plastic wrap or moistened gauze, then secure the dressing with a bandage or adhesive tapes. If the bandage is over a joint, splint and make a bulky dressing so the joint remains immobilized. If there is no movement of a wound over a joint, there should be improved healing and reduced scarring. A bandage should fit snugly but should not cut off circulation or cause discomfort. If the area beyond the wound changes in color, begins to tingle or feel cold, or if the wound starts to swell, the bandage is too tight and should be loosened.","Use a dressing large enough to extend at least 1 inch beyond the wound edges. If body tissue is exposed, use a non-stick dressing. If over a joint, splint and make a bulky dressing. A bandage should fit snugly but not cut off circulation.",1.0,0.6678292183844604,0.9999999999,1.0
What is non-adhesive dressing?,"['## Non Adhesive Dressing\n- This type of dressing does not contain an  adhesive material with it to fix thedressing.\n- It includes sterile ready made dressing or  gauze dressing.\n- The dressing material has to be held in place  by using a bandage or an improvises material  like scarf or towel.', '## WHAT ARE MY TREATMENT OPTIONS?\n- Minor burns can usually be treated at home with self-care\n- Remove person or body part from source of heat/ burn agent\n- Run cool water over the area or hold a cold compress on the area until the pain is relieved\n- Do not use butter, vaseline, ice, or other home remedies\n- Remove any tight clothing or jewelry from the area burned\n- You can apply antibiotic cream\n- Cover with a sterile gauze or non-adhesive bandage\n- Try to keep the burned area elevated to help reduce swelling\n- Serious burns/ third-degree burns\n- Seek immediate medical attention\n- You may require hospitalization or transfer to a burn unit\n- Burned tissue may be removed and covered with skin graft\n- Chemical burns\n- Dry chemicals should be brushed off the skin by a person wearing gloves\n- Remove clothing and jewelry and rinse chemicals off the skin in a shower for 15 to 20 minutes\n- Be careful to protect your eyes']","Non-adhesive dressing is a type of dressing that does not contain an adhesive material to fix it in place. It includes sterile ready-made dressing or gauze dressing, and the dressing material must be held in place using a bandage or an improvised material like a scarf or towel.",Non-adhesive dressing does not contain adhesive material. It includes sterile ready-made dressing or gauze dressing. It must be held in place using a bandage or improvised material like a scarf or towel.,1.0,0.9876986804785833,0.9999999999,1.0
What points should be considered for dressing in first aid?,"['## Points to be considered for dressing in first aid\n- If the situation permits, wash hands with  soap and water\n- Wear gloves ifavailable\n- Control bleeding before applyingdressing\n- Apply the sterile pad without touchingthe  part that comes in contact with thewound', '## 3.1 Introduction to first aid and CPR\nFollowing (ABCD) points may be noted in the patient during such emergency :  \n1. Airways : Airways are clear ?  \n2. Beathing : Respiration is adequately maintained ?  \n3. Circulation : any possibility of internal bleeding ?  \n4. Disability : difficulty in body functions or, activity limitations ?  \nIn such scenario, the following points should be kept in mind and appropriate actions taken accordingly for the benefit of the patient :  \n1. Is the environment safe for the person?\n2. Is the person conscious or unconscious?\n3. If the person appears unconscious, tap &amp; talk, shake his/her shoulder and ask loudly (shout) , ""Are you okay?""\n4. Call your local emergency helpline number.\n5. Look &amp; listen : See the movements of chest, and try to listen breathing sound\n6. Try to feel pulse at neck (carotid artery, one side, not more than 10 seconds)\n7. Begin CPR.\n8. If an AED is available, deliver one shock as instructed, then begin CPR.', '## WHAT ARE COMMON SIGNS AND SYMPTOMS?\n- First-degree\n- Redness, tenderness, pain\n- Generally no blistering\n- Minor skin damage\n- Second-degree\n- Damage extends beyond the top layer of skin\n- Blisters\n- Extremely red and painful\n- Third-degree\n- Destroy both dermis and epidermis\n- Can extend into tissue underneath\n- Can appear white or charred']","- If the situation permits, wash hands with soap and water.
- Wear gloves if available.
- Control bleeding before applying dressing.
- Apply the sterile pad without touching the part that comes in contact with the wound.",Wash hands with soap and water if possible. Wear gloves if available. Control bleeding before applying dressing. Apply the sterile pad without touching the part that contacts the wound.,1.0,0.5047305952394813,0.9999999999,1.0
What is first aid?,"[""## 3.1 Introduction to first aid and CPR\nDuring medical emergency and accidents , first aid is the first and immediate help given to a sick or injured person, which may  include cardiopulmonary resuscitation (CPR) while waiting for an ambulance/ medical help.  First aid can be performed by someone with basic medical training or, even untrained person.  \nEveryone should learn CPR properly, and also how to use an automated external defibrillator (AED). AED is a machine that is used for electric shock in case of cardiac arrest (stoppage of heart). The AED is usually available at public places/ commercial set-ups like malls, cinema halls and airports etc.  \nThe primary aim of first aid is to minimize pain, prevent death or serious injury from worsening. The key objectives of first aid are as follows:  \n1. The primary objective of first aid is to minimize the pain and  save lives. First aid done correctly should help reduce the patient's pain and stabilise the patient."", '## BANDAGE\nThe bandage is any material  that is used to hold a dressing or  compress in place, to prevemt infection of a wound, to  apply pressure to control bleeding or to support broken  bones when used as a sling. These includes gauze,  triangular, Elastic, and tubular bandage. The most papular bandage  in first aid is the triangular bandage. A triangular bandage  may be used as open or folded. Once folded it is called  cravat.']","First aid is the first and immediate help given to a sick or injured person, which may include cardiopulmonary resuscitation (CPR) while waiting for an ambulance or medical help. It can be performed by someone with basic medical training or even an untrained person. The primary aim of first aid is to minimize pain, prevent death, or serious injury from worsening.","First aid is the first and immediate help given to a sick or injured person during a medical emergency, which may include CPR while waiting for an ambulance. It can be performed by someone with basic training or even an untrained person.",1.0,0.8452195140663206,0.9999999999,1.0
What are the primary objectives of first aid?,"[""## 3.1 Introduction to first aid and CPR\n1. The primary objective of first aid is to minimize the pain and  save lives. First aid done correctly should help reduce the patient's pain and stabilise the patient.\n2. First aid also includes addressing  the external factors, such as moving a patient away from any cause of harm or site of accident, away from fire as smoke may cause further choking, and applying first aid techniques to prevent worsening of the condition.\n3. It would also include to accelerate the recovery from the illness or injury, and in some cases might involve completing a treatment, such as applying adhesive bandage to a small wound or supporting a broken arm or leg.  \nIt is important to note that first aid cannot be compared with the care what a trained medical professional provides. First aid involves making common sense decisions in the best interest of an injured person in an emergency situation.  \nFollowing (ABCD) points may be noted in the patient during such emergency :"", '## BANDAGE\nThe bandage is any material  that is used to hold a dressing or  compress in place, to prevemt infection of a wound, to  apply pressure to control bleeding or to support broken  bones when used as a sling. These includes gauze,  triangular, Elastic, and tubular bandage. The most papular bandage  in first aid is the triangular bandage. A triangular bandage  may be used as open or folded. Once folded it is called  cravat.']",The primary objectives of first aid are to minimize pain and save lives. First aid done correctly should help reduce the patient's pain and stabilize the patient.,"To minimize pain and save lives, address external factors by moving the patient away from harm, and accelerate recovery from illness or injury.",1.0,1.0000000000000002,0.9999999999,1.0
What does ABCD stand for in emergency assessment?,"[""## 3.1 Introduction to first aid and CPR\n1. The primary objective of first aid is to minimize the pain and  save lives. First aid done correctly should help reduce the patient's pain and stabilise the patient.\n2. First aid also includes addressing  the external factors, such as moving a patient away from any cause of harm or site of accident, away from fire as smoke may cause further choking, and applying first aid techniques to prevent worsening of the condition.\n3. It would also include to accelerate the recovery from the illness or injury, and in some cases might involve completing a treatment, such as applying adhesive bandage to a small wound or supporting a broken arm or leg.  \nIt is important to note that first aid cannot be compared with the care what a trained medical professional provides. First aid involves making common sense decisions in the best interest of an injured person in an emergency situation.  \nFollowing (ABCD) points may be noted in the patient during such emergency :"", '## HOW DO I REDUCE MY RISK?\n- Test car seats and belt buckles when getting into a hot car\n- If working in a profession with a high risk of burn potential, follow all safety regulations\n- OSHA\n- Workplace safety training and emergency drills\n- Hazard communication\n- Signs\n- Color codes\n- Labels', '## Purposes of dressing-\n- To protect thewound\n- To control/ stop bleeding\n- To apply medication\n- To absorb excess moisture / discharges from  the wound\n- To prevent infection\n- To prevent further injury\n- To promote healing\n- Provide comfort']","ABCD stands for:

1. Airway: Are airways clear?
2. Breathing: Is respiration adequately maintained?
3. Circulation: Is there any possibility of internal bleeding?
4. Disability: Is there difficulty in body functions or activity limitations?",A: Airways clear? B: Breathing adequately maintained? C: Any possibility of internal bleeding? D: Difficulty in body functions or activity limitations?,0.0,0.8144602393147099,0.0,0.0
What is CPR?,"[""## 3.1 Introduction to first aid and CPR\n6. Try to feel pulse at neck (carotid artery, one side, not more than 10 seconds)\n7. Begin CPR.\n8. If an AED is available, deliver one shock as instructed, then begin CPR.  \nCardiopulmonary resuscitation (CPR) is a lifesaving procedure. It's very useful where someone's breathing and/or heartbeat has stopped. Nowadays it is expected  that everyone should learn CPR. This may save someone's life during emergency.  \nThere can be two situations regarding CPR :  \n1. If you're not trained and not confident about CPR, then provide hands-only CPR. That means chest compressions of 100 times in a minute until medical helps arrive.\n2. If you're well-trained, start CPR with 30 chest compressions followed by  two rescue breaths (mouth to mouth resuscitation; mask may be used to prevent transmission of infection).  \nCPR can keep oxygenated blood flowing to the brain and other vital organs until more definitive medical treatment restores a normal heart activity."", '## WHAT CAN I EXPECT?\n- The deeper the burn the longer it will take to heal\n- For more severe burns you may need to be hospitalized', '## DRESSING\nA  dressingis a sterile pad, compress that is  applied directly over a wound to promote  healing.']","Cardiopulmonary resuscitation (CPR) is a lifesaving procedure used when someone's breathing and/or heartbeat has stopped. It is expected that everyone should learn CPR, as it may save someone's life during an emergency. CPR can keep oxygenated blood flowing to the brain and other vital organs until more definitive medical treatment restores normal heart activity.",Cardiopulmonary resuscitation (CPR) is a lifesaving procedure used when someone's breathing or heartbeat has stopped. It keeps oxygenated blood flowing to the brain and vital organs until medical treatment restores normal heart activity.,1.0,0.7069870376396995,0.9999999999,1.0
What is hands-only CPR?,"[""## 3.1 Introduction to first aid and CPR\n6. Try to feel pulse at neck (carotid artery, one side, not more than 10 seconds)\n7. Begin CPR.\n8. If an AED is available, deliver one shock as instructed, then begin CPR.  \nCardiopulmonary resuscitation (CPR) is a lifesaving procedure. It's very useful where someone's breathing and/or heartbeat has stopped. Nowadays it is expected  that everyone should learn CPR. This may save someone's life during emergency.  \nThere can be two situations regarding CPR :  \n1. If you're not trained and not confident about CPR, then provide hands-only CPR. That means chest compressions of 100 times in a minute until medical helps arrive.\n2. If you're well-trained, start CPR with 30 chest compressions followed by  two rescue breaths (mouth to mouth resuscitation; mask may be used to prevent transmission of infection).  \nCPR can keep oxygenated blood flowing to the brain and other vital organs until more definitive medical treatment restores a normal heart activity."", ""## WHAT ARE MY TREATMENT OPTIONS?\n- For more serious electrical burns\n- Check for breathing\n- If the person is not breathing, start rescue breathing if you know how\n- Raise burned arms and legs higher than the person's heart\n- Cover the person with cool, wet cloths\n- Do not use butter, ointments or any other home remedy at site of electrocution\n- Do not break the blisters or remove burned skin"", '## BANDAGE\nThe bandage is any material  that is used to hold a dressing or  compress in place, to prevemt infection of a wound, to  apply pressure to control bleeding or to support broken  bones when used as a sling. These includes gauze,  triangular, Elastic, and tubular bandage. The most papular bandage  in first aid is the triangular bandage. A triangular bandage  may be used as open or folded. Once folded it is called  cravat.']",Hands-only CPR is a method of cardiopulmonary resuscitation (CPR) that involves chest compressions without ventilation support. It is recommended as the method of choice for untrained individuals because it is easier to perform. The technique involves delivering chest compressions at a rate of at least 100 compressions per minute.,"Hands-only CPR involves chest compressions without ventilation support. It is recommended for untrained individuals as it is easier to perform, with compressions at a rate of at least 100 per minute.",0.6666666666666666,0.8424188968067998,0.9999999999,1.0
What is the recommended compression to ventilation ratio for adults in CPR?,"['## CPR : Compressions with rescue breaths\nPlease note this should be tried only if you are well trained in CPR.  \nMouth-to-mouth resuscitation A universal compression to ventilation ratio of 30:2 is recommended for adults, it means 30 times chest compression followed by 2 rescue breaths, then repeat the same cycle again and again till the medical help arrives.  \nWith children, if at least 2 trained rescuers are present a ratio of 15:2 can be maintained. Rescue breaths for children and especially for babies should be relatively gentle.', ""## WHAT ARE MY TREATMENT OPTIONS?\n- For more serious electrical burns\n- Check for breathing\n- If the person is not breathing, start rescue breathing if you know how\n- Raise burned arms and legs higher than the person's heart\n- Cover the person with cool, wet cloths\n- Do not use butter, ointments or any other home remedy at site of electrocution\n- Do not break the blisters or remove burned skin""]",The recommended compression to ventilation ratio for adults in CPR is 30:2.,The universal compression to ventilation ratio for adults is 30:2 - 30 chest compressions followed by 2 rescue breaths.,1.0,0.9999997048385606,0.9999999999,1.0
What is the recommended compression depth for adults and children in CPR?,"['## CPR : Compression only (hands-only); C-A-B\nFor adults with cardiac arrest, compression-only (hands-only) CPR involves chest compressions without ventilation support. It is recommended as the method of choice for the untrained person (helper) as it is easier to perform.  \nThe recommended order of interventions is chest compressions, airway, breathing (CAB) in most situations, with a compression rate of at least 100 per minute in all groups. Recommended compression depth in adults and children is about 5 cm (2 inches) and in infants it is 4 centimetres.  \nIn adults, rescuers should use two hands for the chest compressions, whereas in small children one hand should be used  and two fingers (index and middle fingers) should be used in babies (infants).  \nCompression-only CPR is not as good for children who are more likely to have cardiac arrest from respiratory causes. Both, children and adults, should receive about 100 chest compressions per minute.', '## CRAVAT BANDAGE FOR THE CHEEK OR EARS\n- Use the wide cravat. Start with the  middle of the cravat over the  compress covering the cheek or  the ear.\n- Carry one end over the top of the  head and the other under the  chin.\n- Cross the ends at the opposite  side.\n- Bring the short end back around  the forehead and the long end  around the back of the head.\n- Tie them down over the compress']",The recommended compression depth in adults and children is about 5 cm (2 inches).,"About 5 cm (2 inches) for adults and children, and 4 centimeters for infants.",1.0,0.8649650409008737,0.9999999999,1.0
What is the recommended compression rate for CPR?,"['## CPR : Compression only (hands-only); C-A-B\nFor adults with cardiac arrest, compression-only (hands-only) CPR involves chest compressions without ventilation support. It is recommended as the method of choice for the untrained person (helper) as it is easier to perform.  \nThe recommended order of interventions is chest compressions, airway, breathing (CAB) in most situations, with a compression rate of at least 100 per minute in all groups. Recommended compression depth in adults and children is about 5 cm (2 inches) and in infants it is 4 centimetres.  \nIn adults, rescuers should use two hands for the chest compressions, whereas in small children one hand should be used  and two fingers (index and middle fingers) should be used in babies (infants).  \nCompression-only CPR is not as good for children who are more likely to have cardiac arrest from respiratory causes. Both, children and adults, should receive about 100 chest compressions per minute.', ""## WHAT ARE MY TREATMENT OPTIONS?\n- For more serious electrical burns\n- Check for breathing\n- If the person is not breathing, start rescue breathing if you know how\n- Raise burned arms and legs higher than the person's heart\n- Cover the person with cool, wet cloths\n- Do not use butter, ointments or any other home remedy at site of electrocution\n- Do not break the blisters or remove burned skin""]",The recommended compression rate for CPR is at least 100 compressions per minute in all groups.,"At least 100 compressions per minute for all groups. For trained rescuers, the rate is 100 to 120 compressions per minute.",1.0,0.9999995375075929,0.9999999999,0.5
"How many hands should be used for chest compressions in adults, children, and infants?","['## CPR : Compression only (hands-only); C-A-B\nFor adults with cardiac arrest, compression-only (hands-only) CPR involves chest compressions without ventilation support. It is recommended as the method of choice for the untrained person (helper) as it is easier to perform.  \nThe recommended order of interventions is chest compressions, airway, breathing (CAB) in most situations, with a compression rate of at least 100 per minute in all groups. Recommended compression depth in adults and children is about 5 cm (2 inches) and in infants it is 4 centimetres.  \nIn adults, rescuers should use two hands for the chest compressions, whereas in small children one hand should be used  and two fingers (index and middle fingers) should be used in babies (infants).  \nCompression-only CPR is not as good for children who are more likely to have cardiac arrest from respiratory causes. Both, children and adults, should receive about 100 chest compressions per minute.', '## CRAVAT BANDAGE FOR THE CHEEK OR EARS\n- Use the wide cravat. Start with the  middle of the cravat over the  compress covering the cheek or  the ear.\n- Carry one end over the top of the  head and the other under the  chin.\n- Cross the ends at the opposite  side.\n- Bring the short end back around  the forehead and the long end  around the back of the head.\n- Tie them down over the compress']","In adults, two hands should be used for chest compressions. In small children, one hand should be used, and in infants, two fingers (index and middle fingers) should be used for compressions.",Adults: two hands. Small children: one hand. Infants: two fingers (index and middle fingers).,1.0,0.8061409136681805,0.9999999999,1.0
What is the difference between ABC and CAB in CPR?,"['## ABC vs CAB\nThe order of CPR interventions in  new-born babies : airway, breathing, chest compressions (ABC) whereas in adults and children : chest compressions, airway, breathing (CAB).', '## WHAT ARE COMMON SIGNS AND SYMPTOMS?\n- First-degree\n- Redness, tenderness, pain\n- Generally no blistering\n- Minor skin damage\n- Second-degree\n- Damage extends beyond the top layer of skin\n- Blisters\n- Extremely red and painful\n- Third-degree\n- Destroy both dermis and epidermis\n- Can extend into tissue underneath\n- Can appear white or charred', '## Purposes of dressing-\n- To protect thewound\n- To control/ stop bleeding\n- To apply medication\n- To absorb excess moisture / discharges from  the wound\n- To prevent infection\n- To prevent further injury\n- To promote healing\n- Provide comfort']","The difference between ABC and CAB in CPR is the order of interventions. For newborn babies, the order is airway, breathing, chest compressions (ABC). In contrast, for adults and children, the order is chest compressions, airway, breathing (CAB).","For newborns: Airway, Breathing, Chest compressions (ABC). For adults and children: Chest compressions, Airway, Breathing (CAB).",1.0,1.0,0.9999999999,1.0
How long can the brain survive without oxygen before damage occurs?,"['## 3.1 Introduction to first aid and CPR\nCPR can keep oxygenated blood flowing to the brain and other vital organs until more definitive medical treatment restores a normal heart activity.  \nWhen the heart stops, the lack of oxygenated blood can cause brain damage in only a few minutes. A person may die within 5 to 10 minutes.', '## WHEN SHOULD I SEEK MEDICAL HELP?\n- Seek medical attention if the burn covers a large area of the body\n- If there are signs of a deep second-degree or third-degree burn\n- If the blisters appear to be filled with greenish or brown fluid\n- The person burned is an infant or elderly\n- If the burn was caused by electricity\n- Fever\n- Signs of an infection: puss or foul smelling\n- Excessive swelling\n- If a minor burn does not heal in 10 days to 2 weeks']",The brain can suffer damage from a lack of oxygenated blood in only a few minutes. A person may die within 5 to 10 minutes.,Brain damage can occur in only a few minutes. A person may die within 5 to 10 minutes when the heart stops.,1.0,0.818594961182014,0.9999999999,1.0
What is the recommended compression to ventilation ratio for children when two trained rescuers are present?,"['## CPR : Compressions with rescue breaths\nPlease note this should be tried only if you are well trained in CPR.  \nMouth-to-mouth resuscitation A universal compression to ventilation ratio of 30:2 is recommended for adults, it means 30 times chest compression followed by 2 rescue breaths, then repeat the same cycle again and again till the medical help arrives.  \nWith children, if at least 2 trained rescuers are present a ratio of 15:2 can be maintained. Rescue breaths for children and especially for babies should be relatively gentle.', ""## WHAT ARE MY TREATMENT OPTIONS?\n- For more serious electrical burns\n- Check for breathing\n- If the person is not breathing, start rescue breathing if you know how\n- Raise burned arms and legs higher than the person's heart\n- Cover the person with cool, wet cloths\n- Do not use butter, ointments or any other home remedy at site of electrocution\n- Do not break the blisters or remove burned skin""]",The recommended compression to ventilation ratio for children when two trained rescuers are present is 15:2.,15:2 ratio can be maintained when at least 2 trained rescuers are present.,1.0,0.9999997006506146,0.9999999999,1.0
What are the steps for chest compressions in CPR?,"[""## Compressions\n1. Put the person on his/her back on a firm surface.\n2. Kneel next to the person's neck and shoulders.\n3. Place the heel of one hand over the centre of the person's chest, between the nipples. Place your other hand on top of the first hand. Keep your elbows straight and position your shoulders directly above your hands.\n4. Use your upper body weight as you push straight down on the chest at least 2 inches (approximately 5 cm). Push hard at a rate of 100 compressions a minute.\n5. If you haven't been trained in CPR, continue chest compressions until there are signs of movement or until emergency medical help arrives. If you have been trained in CPR, go on to next step, opening the airway and rescue breathing.  \nCPR method, compression (Source: Wikipedia)"", '## CRAVAT BANDAGE FOR THE CHEEK OR EARS\n- Use the wide cravat. Start with the  middle of the cravat over the  compress covering the cheek or  the ear.\n- Carry one end over the top of the  head and the other under the  chin.\n- Cross the ends at the opposite  side.\n- Bring the short end back around  the forehead and the long end  around the back of the head.\n- Tie them down over the compress']","1. Put the person on his/her back on a firm surface.
2. Kneel next to the person's neck and shoulders.
3. Place the heel of one hand over the center of the person's chest, between the nipples. Place your other hand on top of the first hand. Keep your elbows straight and position your shoulders directly above your hands.
4. Use your upper body weight as you push straight down on the chest at least 2 inches (approximately 5 cm). Push hard at a rate of 100 compressions a minute.
5. If you haven't been trained in CPR, continue chest compressions until there are signs of movement or until emergency medical help arrives. If you have been trained in CPR, go on to the next step, opening the airway and rescue breathing.",Put the person on a firm surface. Kneel next to their neck and shoulders. Place heel of one hand on the center of the chest. Place other hand on top. Keep elbows straight. Push straight down at least 2 inches at a rate of 100 compressions per minute.,1.0,0.8249739464276798,0.9999999999,1.0
How do you open the airway during CPR?,"[""## Airway\nIf you're trained in CPR and you've performed 30 chest compressions, open the person's airway. Put your palm on the person's forehead and gently tilt the head back. Then with the other hand, gently lift the chin forward to open the airway."", '## CRAVAT BANDAGE FOR THE CHEEK OR EARS\n- Use the wide cravat. Start with the  middle of the cravat over the  compress covering the cheek or  the ear.\n- Carry one end over the top of the  head and the other under the  chin.\n- Cross the ends at the opposite  side.\n- Bring the short end back around  the forehead and the long end  around the back of the head.\n- Tie them down over the compress', ""## WHAT ARE MY TREATMENT OPTIONS?\n- For more serious electrical burns\n- Check for breathing\n- If the person is not breathing, start rescue breathing if you know how\n- Raise burned arms and legs higher than the person's heart\n- Cover the person with cool, wet cloths\n- Do not use butter, ointments or any other home remedy at site of electrocution\n- Do not break the blisters or remove burned skin""]","To open the airway during CPR, put your palm on the person's forehead and gently tilt the head back. Then, with the other hand, gently lift the chin forward to open the airway.","Put your palm on the person's forehead and gently tilt the head back. With the other hand, gently lift the chin forward to open the airway.",1.0,0.9999996038572592,0.9999999999,1.0
How is rescue breathing performed?,"[""## Breathing\nRescue breathing can be mouth-to-mouth breathing or mouth-to-nose breathing if the mouth is seriously injured or can't be opened. A mask may be used to prevent transmission of infection.  \n1. With the airway open, pinch the nostrils shut for mouth-to-mouth breathing and cover the person's mouth with yours, making a seal.\n2. Prepare to give two rescue breaths. Thirty chest compressions followed by two rescue breaths is considered one cycle.\n3. Resume chest compressions.\n4. As soon as an automated external defibrillator (AED) is available, use it while following the instructions.\n5. Continue CPR until there are signs of movement or emergency medical help arrives.  \nMouth to mouth resuscitation (Source: Wikipedia)"", ""## WHAT ARE MY TREATMENT OPTIONS?\n- For more serious electrical burns\n- Check for breathing\n- If the person is not breathing, start rescue breathing if you know how\n- Raise burned arms and legs higher than the person's heart\n- Cover the person with cool, wet cloths\n- Do not use butter, ointments or any other home remedy at site of electrocution\n- Do not break the blisters or remove burned skin"", '## CRAVAT BANDAGE FOR THE CHEEK OR EARS\n- Use the wide cravat. Start with the  middle of the cravat over the  compress covering the cheek or  the ear.\n- Carry one end over the top of the  head and the other under the  chin.\n- Cross the ends at the opposite  side.\n- Bring the short end back around  the forehead and the long end  around the back of the head.\n- Tie them down over the compress']","Rescue breathing can be performed as follows:

1. With the airway open, pinch the nostrils shut for mouth-to-mouth breathing and cover the person's mouth with yours, making a seal.
2. Prepare to give two rescue breaths.
3. After giving the breaths, resume chest compressions.
4. Continue CPR until there are signs of movement or emergency medical help arrives.","With airway open, pinch nostrils shut, cover the person's mouth with yours, give two rescue breaths (1 second each), watching for chest rise. Use a mask if available.",1.0,0.9999999999999999,0.9999999999,1.0
What is an AED?,"[""## 3.1 Introduction to first aid and CPR\nDuring medical emergency and accidents , first aid is the first and immediate help given to a sick or injured person, which may  include cardiopulmonary resuscitation (CPR) while waiting for an ambulance/ medical help.  First aid can be performed by someone with basic medical training or, even untrained person.  \nEveryone should learn CPR properly, and also how to use an automated external defibrillator (AED). AED is a machine that is used for electric shock in case of cardiac arrest (stoppage of heart). The AED is usually available at public places/ commercial set-ups like malls, cinema halls and airports etc.  \nThe primary aim of first aid is to minimize pain, prevent death or serious injury from worsening. The key objectives of first aid are as follows:  \n1. The primary objective of first aid is to minimize the pain and  save lives. First aid done correctly should help reduce the patient's pain and stabilise the patient."", '## Adhesive dressing\nA sterile pad of absorbent gauze/ cellulose  is held in place by a layer of adhesive  material.', '## WHAT IS BURNS?\n- A burn is an injury to tissue or skin that can be caused by several sources\n- Heat\n- Sunlight\n- Chemicals\n- Electricity\n- Radiation\n- There are six degrees (types) of burns, with 1st thru 3rd being most common household or workplace related\n- First-degree: damages the outer layer of skin only (epidermis)\n- Second-degree: damages both the outer layer and the layer underneath (dermis)\n- Third-degree: damages the deepest layers of skin and underlying tissues, often destroying these tissues\n- Fourth-degree: extends into fat layer\n- Fifth-degree: extends into muscle layers\n- Sixth-degree: extends into bone\n- The severity of a burn depends on how large of an area it covers and how deep the damage goes']","An AED, or automated external defibrillator, is a machine used for delivering an electric shock in case of cardiac arrest (stoppage of heart). It is usually available at public places and commercial setups like malls, cinema halls, and airports.","An automated external defibrillator (AED) is a machine used to deliver an electric shock in case of cardiac arrest. It is available in public places like malls, cinema halls, and airports.",1.0,0.8713104476352079,0.9999999999,1.0
What should you do if you are alone performing CPR on a child?,"[""## Compressions\nIf you are alone, perform five cycles of compressions and breaths on the child - this should take about two minutes - before calling your local emergency help number and getting the AED, if one is available.  \n1. Put the child on the back on a firm surface.\n2. Kneel next to the child's neck and shoulders.\n3. Use two hands, or only one hand if the child is very small, to perform chest compressions. Press straight down on  the chest about 2 inches (approximately 5 cm). Push hard at a rate of 100 to 120 compressions a minute."", ""## WHAT ARE MY TREATMENT OPTIONS?\n- For more serious electrical burns\n- Check for breathing\n- If the person is not breathing, start rescue breathing if you know how\n- Raise burned arms and legs higher than the person's heart\n- Cover the person with cool, wet cloths\n- Do not use butter, ointments or any other home remedy at site of electrocution\n- Do not break the blisters or remove burned skin""]","If you are alone performing CPR on a child, you should perform five cycles of compressions and breaths, which should take about two minutes, before calling your local emergency help number and getting the AED, if one is available.",Perform five cycles of compressions and breaths (about two minutes) before calling emergency services and getting an AED.,1.0,0.9999996794797993,0.9999999999,1.0
What should you do if a person appears unconscious?,"['## 3.1 Introduction to first aid and CPR\nFollowing (ABCD) points may be noted in the patient during such emergency :  \n1. Airways : Airways are clear ?  \n2. Beathing : Respiration is adequately maintained ?  \n3. Circulation : any possibility of internal bleeding ?  \n4. Disability : difficulty in body functions or, activity limitations ?  \nIn such scenario, the following points should be kept in mind and appropriate actions taken accordingly for the benefit of the patient :  \n1. Is the environment safe for the person?\n2. Is the person conscious or unconscious?\n3. If the person appears unconscious, tap &amp; talk, shake his/her shoulder and ask loudly (shout) , ""Are you okay?""\n4. Call your local emergency helpline number.\n5. Look &amp; listen : See the movements of chest, and try to listen breathing sound\n6. Try to feel pulse at neck (carotid artery, one side, not more than 10 seconds)\n7. Begin CPR.\n8. If an AED is available, deliver one shock as instructed, then begin CPR.', ""## WHAT ARE MY TREATMENT OPTIONS?\n- For more serious electrical burns\n- Check for breathing\n- If the person is not breathing, start rescue breathing if you know how\n- Raise burned arms and legs higher than the person's heart\n- Cover the person with cool, wet cloths\n- Do not use butter, ointments or any other home remedy at site of electrocution\n- Do not break the blisters or remove burned skin""]","If a person appears unconscious, you should:

1. Tap and talk, shake their shoulder, and ask loudly, ""Are you okay?""
2. Call your local emergency helpline number.
3. Look and listen for the movements of the chest and try to listen for breathing sounds.
4. Try to feel the pulse at the neck (carotid artery, one side, not more than 10 seconds).
5. Begin CPR if necessary.","Tap and talk, shake their shoulder and ask loudly if they are okay. Call emergency services. Look for chest movements and listen for breathing. Feel for pulse at the neck. Begin CPR. Use AED if available.",1.0,0.9999996080673509,0.9999999999,1.0
What is the recommended compression depth for infants in CPR?,"['## CPR : Compression only (hands-only); C-A-B\nFor adults with cardiac arrest, compression-only (hands-only) CPR involves chest compressions without ventilation support. It is recommended as the method of choice for the untrained person (helper) as it is easier to perform.  \nThe recommended order of interventions is chest compressions, airway, breathing (CAB) in most situations, with a compression rate of at least 100 per minute in all groups. Recommended compression depth in adults and children is about 5 cm (2 inches) and in infants it is 4 centimetres.  \nIn adults, rescuers should use two hands for the chest compressions, whereas in small children one hand should be used  and two fingers (index and middle fingers) should be used in babies (infants).  \nCompression-only CPR is not as good for children who are more likely to have cardiac arrest from respiratory causes. Both, children and adults, should receive about 100 chest compressions per minute.', '## CRAVAT BANDAGE FOR THE CHEEK OR EARS\n- Use the wide cravat. Start with the  middle of the cravat over the  compress covering the cheek or  the ear.\n- Carry one end over the top of the  head and the other under the  chin.\n- Cross the ends at the opposite  side.\n- Bring the short end back around  the forehead and the long end  around the back of the head.\n- Tie them down over the compress']",The recommended compression depth in infants is 4 centimeters.,4 centimeters.,1.0,0.8808863470137986,0.9999999999,1.0
What are the common causes of burns?,"['## WHAT IS BURNS?\n- A burn is an injury to tissue or skin that can be caused by several sources\n- Heat\n- Sunlight\n- Chemicals\n- Electricity\n- Radiation\n- There are six degrees (types) of burns, with 1st thru 3rd being most common household or workplace related\n- First-degree: damages the outer layer of skin only (epidermis)\n- Second-degree: damages both the outer layer and the layer underneath (dermis)\n- Third-degree: damages the deepest layers of skin and underlying tissues, often destroying these tissues\n- Fourth-degree: extends into fat layer\n- Fifth-degree: extends into muscle layers\n- Sixth-degree: extends into bone\n- The severity of a burn depends on how large of an area it covers and how deep the damage goes', '## 3.1 Introduction to first aid and CPR\nCPR can keep oxygenated blood flowing to the brain and other vital organs until more definitive medical treatment restores a normal heart activity.  \nWhen the heart stops, the lack of oxygenated blood can cause brain damage in only a few minutes. A person may die within 5 to 10 minutes.', '## BANDAGE\nThe bandage is any material  that is used to hold a dressing or  compress in place, to prevemt infection of a wound, to  apply pressure to control bleeding or to support broken  bones when used as a sling. These includes gauze,  triangular, Elastic, and tubular bandage. The most papular bandage  in first aid is the triangular bandage. A triangular bandage  may be used as open or folded. Once folded it is called  cravat.']","The common causes of burns include being scalded by hot liquids, steam, or hot surfaces, building fires, flammable liquids and gases, chemicals (wet or dry), electricity, and radiation.","Being scalded by hot liquids, steam, or hot surfaces, building fires, flammable liquids and gases, chemicals (wet or dry), electricity, and radiation.",0.3333333333333333,1.0000000000000002,0.9999999999,0.0
What determines the severity of a burn?,"['## WHAT IS BURNS?\n- A burn is an injury to tissue or skin that can be caused by several sources\n- Heat\n- Sunlight\n- Chemicals\n- Electricity\n- Radiation\n- There are six degrees (types) of burns, with 1st thru 3rd being most common household or workplace related\n- First-degree: damages the outer layer of skin only (epidermis)\n- Second-degree: damages both the outer layer and the layer underneath (dermis)\n- Third-degree: damages the deepest layers of skin and underlying tissues, often destroying these tissues\n- Fourth-degree: extends into fat layer\n- Fifth-degree: extends into muscle layers\n- Sixth-degree: extends into bone\n- The severity of a burn depends on how large of an area it covers and how deep the damage goes', '## BANDAGE\nThe bandage is any material  that is used to hold a dressing or  compress in place, to prevemt infection of a wound, to  apply pressure to control bleeding or to support broken  bones when used as a sling. These includes gauze,  triangular, Elastic, and tubular bandage. The most papular bandage  in first aid is the triangular bandage. A triangular bandage  may be used as open or folded. Once folded it is called  cravat.', ""## 3.1 Introduction to first aid and CPR\n1. The primary objective of first aid is to minimize the pain and  save lives. First aid done correctly should help reduce the patient's pain and stabilise the patient.\n2. First aid also includes addressing  the external factors, such as moving a patient away from any cause of harm or site of accident, away from fire as smoke may cause further choking, and applying first aid techniques to prevent worsening of the condition.\n3. It would also include to accelerate the recovery from the illness or injury, and in some cases might involve completing a treatment, such as applying adhesive bandage to a small wound or supporting a broken arm or leg.  \nIt is important to note that first aid cannot be compared with the care what a trained medical professional provides. First aid involves making common sense decisions in the best interest of an injured person in an emergency situation.  \nFollowing (ABCD) points may be noted in the patient during such emergency :""]",The severity of a burn depends on how large of an area it covers and how deep the damage goes.,The severity of a burn depends on how large of an area it covers and how deep the damage goes.,1.0,0.9508363933213287,0.9999999999,1.0
What should you do for a minor electrical burn?,"[""## WHAT ARE MY TREATMENT OPTIONS?\n- Remove clothing and jewelry and rinse chemicals off the skin in a shower for 15 to 20 minutes\n- Be careful to protect your eyes\n- Wet chemicals should be flushed off affected areas with cool running water for 20 minutes or longer or until emergency help arrives\n- If you or someone else has swallowed a chemical substance or an object that could be harmful (e.g., watch battery) call poison control first (1-800-222-1222) and then 911\n- It is helpful to know what chemical product has been swallowed\n- Take it with you to the hospital if unsure\n- Minor electrical burns can be treated with cool (not cold or ice) compresses\n- After cleansing, a mild antibiotic ointment and bandage may be applied\n- A tetanus shot is also recommended, especially if the person has not had one in more than 10 years\n- For more serious electrical burns\n- Check for breathing\n- If the person is not breathing, start rescue breathing if you know how\n- Raise burned arms and legs higher than the person's heart"", ""## Compressions\nIf you are alone, perform five cycles of compressions and breaths on the child - this should take about two minutes - before calling your local emergency help number and getting the AED, if one is available.  \n1. Put the child on the back on a firm surface.\n2. Kneel next to the child's neck and shoulders.\n3. Use two hands, or only one hand if the child is very small, to perform chest compressions. Press straight down on  the chest about 2 inches (approximately 5 cm). Push hard at a rate of 100 to 120 compressions a minute.""]","For a minor electrical burn, you should:

- Check for breathing.
- If the person is not breathing, start rescue breathing if you know how.
- Raise burned arms and legs higher than the person's heart.
- Cover the person with cool, wet cloths.
- After cleansing, a mild antibiotic ointment and bandage may be applied.
- A tetanus shot is also recommended, especially if the person has not had one in more than 10 years.","Treat with cool (not cold or ice) compresses. After cleansing, apply mild antibiotic ointment and a bandage. A tetanus shot is recommended if not received in the last 10 years.",0.6666666666666666,1.0,0.9999999999,1.0
What should you do if someone has swallowed a chemical substance?,"[""## WHAT ARE MY TREATMENT OPTIONS?\n- Remove clothing and jewelry and rinse chemicals off the skin in a shower for 15 to 20 minutes\n- Be careful to protect your eyes\n- Wet chemicals should be flushed off affected areas with cool running water for 20 minutes or longer or until emergency help arrives\n- If you or someone else has swallowed a chemical substance or an object that could be harmful (e.g., watch battery) call poison control first (1-800-222-1222) and then 911\n- It is helpful to know what chemical product has been swallowed\n- Take it with you to the hospital if unsure\n- Minor electrical burns can be treated with cool (not cold or ice) compresses\n- After cleansing, a mild antibiotic ointment and bandage may be applied\n- A tetanus shot is also recommended, especially if the person has not had one in more than 10 years\n- For more serious electrical burns\n- Check for breathing\n- If the person is not breathing, start rescue breathing if you know how\n- Raise burned arms and legs higher than the person's heart"", '## Method\n- Wash hands and wear gloves if possible\n- In case of contaminated wounds, cleanwith  antiseptic solution\n- If antiseptic solution is unavailable, washthe  wound with soap andwater\n- Dry the sides of the wound\n- Open the dressing by removing the  wrappings\n- Place the dressing directly over the wound\n- Bandage firmly using triangular bandage and  secure it by tying the two ends together by  reef knot.\n- Gauze taken in layers may be used instead of  dressing\n- A piece of cloth cut in the shape of bandage  may be used instead of bandage\n- Wash hands with soap and water after  dressing  \n·  \n·  \n·  \n·', ""## Compressions\n1. Put the person on his/her back on a firm surface.\n2. Kneel next to the person's neck and shoulders.\n3. Place the heel of one hand over the centre of the person's chest, between the nipples. Place your other hand on top of the first hand. Keep your elbows straight and position your shoulders directly above your hands.\n4. Use your upper body weight as you push straight down on the chest at least 2 inches (approximately 5 cm). Push hard at a rate of 100 compressions a minute.\n5. If you haven't been trained in CPR, continue chest compressions until there are signs of movement or until emergency medical help arrives. If you have been trained in CPR, go on to next step, opening the airway and rescue breathing.  \nCPR method, compression (Source: Wikipedia)""]",Call poison control first (1-800-222-1222) and then 911. It is helpful to know what chemical product has been swallowed and take it with you to the hospital if unsure.,Call poison control first (1-800-222-1222) and then 911. Know what chemical product was swallowed and take it to the hospital if unsure.,1.0,0.9343673013493475,0.9999999999,1.0
What is a cravat bandage?,"['## BANDAGE\nThe bandage is any material  that is used to hold a dressing or  compress in place, to prevemt infection of a wound, to  apply pressure to control bleeding or to support broken  bones when used as a sling. These includes gauze,  triangular, Elastic, and tubular bandage. The most papular bandage  in first aid is the triangular bandage. A triangular bandage  may be used as open or folded. Once folded it is called  cravat.', '## WHAT IS BURNS?\n- A burn is an injury to tissue or skin that can be caused by several sources\n- Heat\n- Sunlight\n- Chemicals\n- Electricity\n- Radiation\n- There are six degrees (types) of burns, with 1st thru 3rd being most common household or workplace related\n- First-degree: damages the outer layer of skin only (epidermis)\n- Second-degree: damages both the outer layer and the layer underneath (dermis)\n- Third-degree: damages the deepest layers of skin and underlying tissues, often destroying these tissues\n- Fourth-degree: extends into fat layer\n- Fifth-degree: extends into muscle layers\n- Sixth-degree: extends into bone\n- The severity of a burn depends on how large of an area it covers and how deep the damage goes', ""## 3.1 Introduction to first aid and CPR\n1. The primary objective of first aid is to minimize the pain and  save lives. First aid done correctly should help reduce the patient's pain and stabilise the patient.\n2. First aid also includes addressing  the external factors, such as moving a patient away from any cause of harm or site of accident, away from fire as smoke may cause further choking, and applying first aid techniques to prevent worsening of the condition.\n3. It would also include to accelerate the recovery from the illness or injury, and in some cases might involve completing a treatment, such as applying adhesive bandage to a small wound or supporting a broken arm or leg.  \nIt is important to note that first aid cannot be compared with the care what a trained medical professional provides. First aid involves making common sense decisions in the best interest of an injured person in an emergency situation.  \nFollowing (ABCD) points may be noted in the patient during such emergency :""]","A cravat bandage is a type of bandage that is used to hold a dressing or compress in place, apply pressure to control bleeding, or support broken bones when used as a sling. It is typically made from a triangular piece of material and can be used in various applications, such as for the neck, eye, forehead, cheek, ears, elbow, knee, and other body parts.","A cravat is a triangular bandage that has been folded. It is used for various bandaging applications including head, eye, elbow, knee, and shoulder injuries.",0.14285714285714285,0.9441772368342742,0.9999999999,0.5
"How is a cravat bandage for the forearm, arm, leg, or thigh applied?","['## CRAVAT FOR THE FOREARM, ARM, LEG AND  THIGH\n- Place center of cravat over the  dressing\n- Begin ascending turns wit  upper end and descending  turns with lower end, with  each turn covering two-third  of preceding turn until dressing is covered.\n- Terminate by tying both ends  in square knot.', ""## 3.1 Introduction to first aid and CPR\n1. The primary objective of first aid is to minimize the pain and  save lives. First aid done correctly should help reduce the patient's pain and stabilise the patient.\n2. First aid also includes addressing  the external factors, such as moving a patient away from any cause of harm or site of accident, away from fire as smoke may cause further choking, and applying first aid techniques to prevent worsening of the condition.\n3. It would also include to accelerate the recovery from the illness or injury, and in some cases might involve completing a treatment, such as applying adhesive bandage to a small wound or supporting a broken arm or leg.  \nIt is important to note that first aid cannot be compared with the care what a trained medical professional provides. First aid involves making common sense decisions in the best interest of an injured person in an emergency situation.  \nFollowing (ABCD) points may be noted in the patient during such emergency :"", ""## WHAT ARE MY TREATMENT OPTIONS?\n- Remove clothing and jewelry and rinse chemicals off the skin in a shower for 15 to 20 minutes\n- Be careful to protect your eyes\n- Wet chemicals should be flushed off affected areas with cool running water for 20 minutes or longer or until emergency help arrives\n- If you or someone else has swallowed a chemical substance or an object that could be harmful (e.g., watch battery) call poison control first (1-800-222-1222) and then 911\n- It is helpful to know what chemical product has been swallowed\n- Take it with you to the hospital if unsure\n- Minor electrical burns can be treated with cool (not cold or ice) compresses\n- After cleansing, a mild antibiotic ointment and bandage may be applied\n- A tetanus shot is also recommended, especially if the person has not had one in more than 10 years\n- For more serious electrical burns\n- Check for breathing\n- If the person is not breathing, start rescue breathing if you know how\n- Raise burned arms and legs higher than the person's heart""]","To apply a cravat bandage for the forearm, arm, leg, or thigh:

1. Place the center of the cravat over the dressing.
2. Begin ascending turns with the upper end and descending turns with the lower end, with each turn covering two-thirds of the preceding turn until the dressing is covered.
3. Terminate by tying both ends in a square knot.","Place center of cravat over the dressing. Begin ascending turns with upper end and descending turns with lower end, each turn covering two-thirds of the previous turn until dressing is covered. Terminate by tying both ends in a square knot.",1.0,0.9541083277045634,0.9999999999,1.0
What are the fire safety recommendations for homes with small children?,"['## HOW DO I REDUCE MY RISK?\n- Install smoke detectors and ensure strict maintenance (change batteries) and testing to make sure they are working\n- General fire safety knowledge and family training\n- Fire escape plans and practice drills\n- Have your fireplace professionally cleaned and inspected yearly\n- Fire extinguisher on every floor and training on how to operate\n- Careful use of space heaters\n- Keep pot and pan handles turned toward the back of the stove while cooking\n- If you have small children\n- Teach children to avoid hot surfaces (stove, campfires, fireworks)\n- Outlet covers\n- Safety locks on cleaning supply storage\n- Do not carry hot items while carrying your child\n- Test bath water before placing your child in the tub\n- Check the temperature of heated beverages before giving them to your child\n- Keep matches and lighters away from your children\n- Test car seats and belt buckles when getting into a hot car\n- If working in a profession with a high risk of burn potential, follow all safety regulations', ""## Compressions\nIf you are alone, perform five cycles of compressions and breaths on the child - this should take about two minutes - before calling your local emergency help number and getting the AED, if one is available.  \n1. Put the child on the back on a firm surface.\n2. Kneel next to the child's neck and shoulders.\n3. Use two hands, or only one hand if the child is very small, to perform chest compressions. Press straight down on  the chest about 2 inches (approximately 5 cm). Push hard at a rate of 100 to 120 compressions a minute."", '## Purposes of dressing-\n- To protect thewound\n- To control/ stop bleeding\n- To apply medication\n- To absorb excess moisture / discharges from  the wound\n- To prevent infection\n- To prevent further injury\n- To promote healing\n- Provide comfort']","- Teach children to avoid hot surfaces (stove, campfires, fireworks).
- Use outlet covers.
- Install safety locks on cleaning supply storage.
- Do not carry hot items while carrying your child.
- Test bath water before placing your child in the tub.
- Check the temperature of heated beverages before giving them to your child.
- Keep matches and lighters away from your children.",Teach children to avoid hot surfaces. Use outlet covers and safety locks on cleaning supply storage. Do not carry hot items while carrying your child. Test bath water. Check temperature of heated beverages. Keep matches and lighters away. Test car seats and belt buckles in hot cars.,1.0,0.6972155994695542,0.9999999999,1.0
What are the general fire safety recommendations for all households?,"['## HOW DO I REDUCE MY RISK?\n- Install smoke detectors and ensure strict maintenance (change batteries) and testing to make sure they are working\n- General fire safety knowledge and family training\n- Fire escape plans and practice drills\n- Have your fireplace professionally cleaned and inspected yearly\n- Fire extinguisher on every floor and training on how to operate\n- Careful use of space heaters\n- Keep pot and pan handles turned toward the back of the stove while cooking\n- If you have small children\n- Teach children to avoid hot surfaces (stove, campfires, fireworks)\n- Outlet covers\n- Safety locks on cleaning supply storage\n- Do not carry hot items while carrying your child\n- Test bath water before placing your child in the tub\n- Check the temperature of heated beverages before giving them to your child\n- Keep matches and lighters away from your children\n- Test car seats and belt buckles when getting into a hot car\n- If working in a profession with a high risk of burn potential, follow all safety regulations', ""## 3.1 Introduction to first aid and CPR\n1. The primary objective of first aid is to minimize the pain and  save lives. First aid done correctly should help reduce the patient's pain and stabilise the patient.\n2. First aid also includes addressing  the external factors, such as moving a patient away from any cause of harm or site of accident, away from fire as smoke may cause further choking, and applying first aid techniques to prevent worsening of the condition.\n3. It would also include to accelerate the recovery from the illness or injury, and in some cases might involve completing a treatment, such as applying adhesive bandage to a small wound or supporting a broken arm or leg.  \nIt is important to note that first aid cannot be compared with the care what a trained medical professional provides. First aid involves making common sense decisions in the best interest of an injured person in an emergency situation.  \nFollowing (ABCD) points may be noted in the patient during such emergency :"", '## Purposes of dressing-\n- To protect thewound\n- To control/ stop bleeding\n- To apply medication\n- To absorb excess moisture / discharges from  the wound\n- To prevent infection\n- To prevent further injury\n- To promote healing\n- Provide comfort']","- Install smoke detectors and ensure strict maintenance (change batteries) and testing to make sure they are working.
- General fire safety knowledge and family training.
- Fire escape plans and practice drills.
- Have your fireplace professionally cleaned and inspected yearly.
- Fire extinguisher on every floor and training on how to operate.
- Careful use of space heaters.
- Keep pot and pan handles turned toward the back of the stove while cooking.
- Teach children to avoid hot surfaces (stove, campfires, fireworks).
- Use outlet covers and safety locks on cleaning supply storage.
- Do not carry hot items while carrying your child.
- Test bath water before placing your child in the tub.
- Check the temperature of heated beverages before giving them to your child.
- Keep matches and lighters away from your children.
- Test car seats and belt buckles when getting into a hot car.
- If working in a profession with a high risk of burn potential, follow all safety regulations.",Install and maintain smoke detectors. Practice fire safety knowledge and family training. Create fire escape plans and drills. Get fireplace professionally cleaned yearly. Keep fire extinguishers on every floor. Use space heaters carefully.,1.0,0.6500342042321433,0.9999999999,1.0
